-- phpMyAdmin SQL Dump
-- version 5.2.1
-- https://www.phpmyadmin.net/
--
-- Máy chủ: 127.0.0.1
-- Thời gian đã tạo: Th10 26, 2025 lúc 02:17 PM
-- Phiên bản máy phục vụ: 8.0.43
-- Phiên bản PHP: 8.2.12

SET SQL_MODE = "NO_AUTO_VALUE_ON_ZERO";
START TRANSACTION;
SET time_zone = "+00:00";


/*!40101 SET @OLD_CHARACTER_SET_CLIENT=@@CHARACTER_SET_CLIENT */;
/*!40101 SET @OLD_CHARACTER_SET_RESULTS=@@CHARACTER_SET_RESULTS */;
/*!40101 SET @OLD_COLLATION_CONNECTION=@@COLLATION_CONNECTION */;
/*!40101 SET NAMES utf8mb4 */;

--
-- Cơ sở dữ liệu: `quanlynhansu`
--

DELIMITER $$
--
-- Thủ tục
--
CREATE DEFINER=`root`@`localhost` PROCEDURE `SP_TinhLuongThuong` (IN `p_Thang` INT, IN `p_Nam` INT)   BEGIN
    -- Bước 1: Tạo bảng tạm chứa thưởng, phụ cấp, khấu trừ
    CREATE TEMPORARY TABLE IF NOT EXISTS tmpLuong AS
    SELECT MaNV, Thuong, PhuCap, KhauTru
    FROM Luong
    WHERE Thang = p_Thang AND Nam = p_Nam;

    -- Bước 2: Xóa dữ liệu tạm cũ (nếu có trong tmpLuong)
    DELETE FROM tmpLuong WHERE MaNV NOT IN (SELECT MaNV FROM NhanVien);

    -- Bước 3: Xóa lương tháng đó (để tránh trùng)
    DELETE FROM Luong WHERE Thang = p_Thang AND Nam = p_Nam;

    -- Bước 4: Tính lại và chèn vào bảng chính
    INSERT INTO Luong (
        MaNV, Thang, Nam, LuongCB, TongGioLam, TangCa, Thuong, PhuCap, KhauTru, TongLuong
    )
    SELECT 
        nv.MaNV,
        p_Thang,
        p_Nam,
        nv.LuongCB,
        IFNULL(SUM(cc.GioLam), 0),
        IFNULL(SUM(CASE WHEN cc.LoaiCong = 'Tăng ca' THEN cc.GioLam ELSE 0 END), 0),
        IFNULL(MAX(tmp.Thuong), 0),
        IFNULL(MAX(tmp.PhuCap), 0),
        IFNULL(MAX(tmp.KhauTru), 0),
        (nv.LuongCB + IFNULL(MAX(tmp.Thuong), 0) + IFNULL(MAX(tmp.PhuCap), 0)) - IFNULL(MAX(tmp.KhauTru), 0)
    FROM NhanVien nv
    LEFT JOIN ChamCong cc 
        ON nv.MaNV = cc.MaNV 
        AND MONTH(cc.Ngay) = p_Thang 
        AND YEAR(cc.Ngay) = p_Nam
    LEFT JOIN tmpLuong tmp 
        ON nv.MaNV = tmp.MaNV
    GROUP BY nv.MaNV;

    -- Bước 5: Xóa bảng tạm (cho sạch)
    DROP TEMPORARY TABLE IF EXISTS tmpLuong;
END$$

CREATE DEFINER=`root`@`localhost` PROCEDURE `TinhLuongThang` (IN `pThang` CHAR(7))   BEGIN
    -- Xóa dữ liệu cũ của tháng này
    DELETE FROM Luong WHERE Thang = pThang;

    -- Tính toán và chèn dữ liệu mới
    INSERT INTO Luong (MaNV, Thang, LuongCB, TheoGio, TangCa, TongLuong)
    SELECT 
        nv.MaNV,
        pThang AS Thang,
        nv.LuongCB,
        SUM(CASE WHEN cc.LoaiCong = 'Công thường' THEN cc.GioLam ELSE 0 END) * (nv.LuongCB / 22 / 8) AS TheoGio,
        SUM(CASE WHEN cc.LoaiCong = 'Tăng ca' THEN cc.GioLam ELSE 0 END) * (nv.LuongCB / 22 / 8 * 1.5) AS TangCa,
        SUM(CASE WHEN cc.LoaiCong IN ('Công thường','Tăng ca') THEN cc.GioLam ELSE 0 END) * (nv.LuongCB / 22 / 8)
        + SUM(CASE WHEN cc.LoaiCong = 'Tăng ca' THEN cc.GioLam ELSE 0 END) * (nv.LuongCB / 22 / 8 * 0.5)
        AS TongLuong
    FROM NhanVien nv
    LEFT JOIN ChamCong cc ON nv.MaNV = cc.MaNV 
        AND DATE_FORMAT(cc.Ngay, '%Y-%m') = pThang
    GROUP BY nv.MaNV;
END$$

DELIMITER ;

-- --------------------------------------------------------

--
-- Cấu trúc bảng cho bảng `chamcong`
--

CREATE TABLE `chamcong` (
  `MaCC` int NOT NULL,
  `Ngay` date NOT NULL,
  `MaNV` int NOT NULL,
  `GioVao` time DEFAULT NULL,
  `GioRa` time DEFAULT NULL,
  `GioLam` decimal(4,2) DEFAULT NULL,
  `LoaiCong` enum('Công thường','Tăng ca','Nghỉ phép','Lễ') DEFAULT 'Công thường',
  `TrangThai` enum('Đã duyệt','Chưa duyệt','Hủy') DEFAULT 'Chưa duyệt',
  `GhiChu` varchar(255) DEFAULT NULL
) ENGINE=InnoDB DEFAULT CHARSET=utf8mb4 COLLATE=utf8mb4_0900_ai_ci;

--
-- Đang đổ dữ liệu cho bảng `chamcong`
--

INSERT INTO `chamcong` (`MaCC`, `Ngay`, `MaNV`, `GioVao`, `GioRa`, `GioLam`, `LoaiCong`, `TrangThai`, `GhiChu`) VALUES
(1, '2025-10-01', 1, '08:00:00', '17:00:00', 8.00, 'Công thường', 'Đã duyệt', NULL),
(2, '2025-10-02', 1, '08:00:00', '18:00:00', 8.00, 'Công thường', 'Đã duyệt', ''),
(3, '2025-10-01', 2, '08:00:00', '17:00:00', 8.00, 'Công thường', 'Đã duyệt', NULL),
(4, '2025-10-01', 3, '09:00:00', '17:00:00', 7.00, 'Công thường', 'Đã duyệt', 'Đi trễ'),
(5, '2025-10-23', 3, '08:00:00', '17:00:00', 8.00, 'Công thường', 'Đã duyệt', ''),
(6, '2025-10-01', 4, '08:00:00', '17:00:00', 8.00, 'Công thường', 'Đã duyệt', ''),
(7, '2025-10-01', 5, '10:00:00', '17:00:00', 6.00, 'Công thường', 'Đã duyệt', ''),
(8, '2025-10-02', 3, '08:00:00', '17:00:00', 8.00, 'Công thường', 'Đã duyệt', ''),
(9, '2025-10-03', 3, '08:00:00', '17:00:00', 8.00, 'Công thường', 'Đã duyệt', ''),
(12, '2025-10-06', 3, '08:00:00', '17:00:00', 8.00, 'Công thường', 'Đã duyệt', ''),
(13, '2025-10-07', 3, '08:00:00', '17:00:00', 8.00, 'Công thường', 'Đã duyệt', ''),
(14, '2025-10-08', 3, '08:00:00', '17:00:00', 8.00, 'Công thường', 'Đã duyệt', ''),
(15, '2025-10-09', 3, '08:00:00', '17:00:00', 8.00, 'Công thường', 'Đã duyệt', ''),
(16, '2025-10-10', 3, '08:00:00', '17:00:00', 8.00, 'Công thường', 'Đã duyệt', ''),
(19, '2025-10-13', 3, '08:00:00', '17:00:00', 8.00, 'Công thường', 'Đã duyệt', ''),
(20, '2025-10-14', 3, '08:00:00', '17:00:00', 8.00, 'Công thường', 'Đã duyệt', ''),
(21, '2025-10-15', 3, '08:00:00', '17:00:00', 8.00, 'Công thường', 'Đã duyệt', ''),
(22, '2025-10-16', 3, '08:00:00', '17:00:00', 8.00, 'Công thường', 'Đã duyệt', ''),
(23, '2025-10-17', 3, '08:00:00', '17:00:00', 8.00, 'Công thường', 'Đã duyệt', ''),
(26, '2025-10-20', 3, '08:00:00', '17:00:00', 8.00, 'Công thường', 'Đã duyệt', ''),
(27, '2025-10-21', 3, '08:00:00', '17:00:00', 8.00, 'Công thường', 'Đã duyệt', ''),
(28, '2025-10-22', 3, '08:00:00', '17:00:00', 8.00, 'Công thường', 'Đã duyệt', ''),
(29, '2025-10-24', 3, '08:00:00', '17:00:00', 8.00, 'Công thường', 'Đã duyệt', ''),
(30, '2025-10-27', 3, '08:00:00', '17:00:00', 8.00, 'Công thường', 'Đã duyệt', ''),
(31, '2025-10-28', 3, '08:00:00', '17:00:00', 8.00, 'Công thường', 'Đã duyệt', ''),
(32, '2025-10-29', 3, '08:00:00', '17:00:00', 8.00, 'Công thường', 'Đã duyệt', ''),
(33, '2025-10-30', 3, '08:00:00', '17:00:00', 8.00, 'Công thường', 'Đã duyệt', ''),
(34, '2025-10-31', 3, '08:00:00', '17:00:00', 8.00, 'Công thường', 'Đã duyệt', ''),
(35, '2025-10-03', 1, '08:00:00', '17:00:00', 8.00, 'Công thường', 'Đã duyệt', NULL),
(36, '2025-10-06', 1, '08:00:00', '17:00:00', 8.00, 'Công thường', 'Đã duyệt', NULL),
(37, '2025-10-07', 1, '08:00:00', '17:00:00', 8.00, 'Công thường', 'Đã duyệt', NULL),
(38, '2025-10-08', 1, '08:00:00', '17:00:00', 8.00, 'Công thường', 'Đã duyệt', NULL),
(39, '2025-10-09', 1, '08:00:00', '17:00:00', 8.00, 'Công thường', 'Đã duyệt', NULL),
(40, '2025-10-10', 1, '08:00:00', '17:00:00', 8.00, 'Công thường', 'Đã duyệt', NULL),
(41, '2025-10-13', 1, '08:00:00', '17:00:00', 8.00, 'Công thường', 'Đã duyệt', NULL),
(42, '2025-10-14', 1, '08:00:00', '17:00:00', 8.00, 'Công thường', 'Đã duyệt', NULL),
(43, '2025-10-15', 1, '08:00:00', '17:00:00', 8.00, 'Công thường', 'Đã duyệt', NULL),
(44, '2025-10-16', 1, '08:00:00', '17:00:00', 8.00, 'Công thường', 'Đã duyệt', NULL),
(45, '2025-10-17', 1, '08:00:00', '17:00:00', 8.00, 'Công thường', 'Đã duyệt', NULL),
(46, '2025-10-20', 1, '08:00:00', '17:00:00', 8.00, 'Công thường', 'Đã duyệt', NULL),
(47, '2025-10-21', 1, '08:00:00', '17:00:00', 8.00, 'Công thường', 'Đã duyệt', NULL),
(48, '2025-10-22', 1, '08:00:00', '17:00:00', 8.00, 'Công thường', 'Đã duyệt', NULL),
(50, '2025-10-24', 1, '08:00:00', '17:00:00', 8.00, 'Công thường', 'Đã duyệt', NULL),
(51, '2025-10-27', 1, '08:00:00', '17:00:00', 8.00, 'Công thường', 'Đã duyệt', NULL),
(52, '2025-10-28', 1, '08:00:00', '17:00:00', 8.00, 'Công thường', 'Đã duyệt', NULL),
(53, '2025-10-29', 1, '08:00:00', '17:00:00', 8.00, 'Công thường', 'Đã duyệt', NULL),
(54, '2025-10-30', 1, '08:00:00', '17:00:00', 8.00, 'Công thường', 'Đã duyệt', NULL),
(55, '2025-10-31', 1, '08:00:00', '17:00:00', 8.00, 'Công thường', 'Đã duyệt', NULL),
(56, '2025-10-02', 2, '08:00:00', '17:00:00', 8.00, 'Công thường', 'Đã duyệt', NULL),
(57, '2025-10-03', 2, '08:00:00', '17:00:00', 8.00, 'Công thường', 'Đã duyệt', NULL),
(58, '2025-10-06', 2, '08:00:00', '17:00:00', 8.00, 'Công thường', 'Đã duyệt', NULL),
(59, '2025-10-07', 2, '08:00:00', '17:00:00', 8.00, 'Công thường', 'Đã duyệt', NULL),
(60, '2025-10-08', 2, '08:00:00', '17:00:00', 8.00, 'Công thường', 'Đã duyệt', NULL),
(61, '2025-10-09', 2, '08:00:00', '17:00:00', 8.00, 'Công thường', 'Đã duyệt', NULL),
(62, '2025-10-10', 2, '08:00:00', '17:00:00', 8.00, 'Công thường', 'Đã duyệt', NULL),
(63, '2025-10-13', 2, '08:00:00', '17:00:00', 8.00, 'Công thường', 'Đã duyệt', NULL),
(64, '2025-10-14', 2, '08:00:00', '17:00:00', 8.00, 'Công thường', 'Đã duyệt', NULL),
(65, '2025-10-15', 2, '08:00:00', '17:00:00', 8.00, 'Công thường', 'Đã duyệt', NULL),
(66, '2025-10-16', 2, '08:00:00', '17:00:00', 8.00, 'Công thường', 'Đã duyệt', NULL),
(67, '2025-10-17', 2, '08:00:00', '17:00:00', 8.00, 'Công thường', 'Đã duyệt', NULL),
(68, '2025-10-20', 2, '08:00:00', '17:00:00', 8.00, 'Công thường', 'Đã duyệt', NULL),
(69, '2025-10-21', 2, '08:00:00', '17:00:00', 8.00, 'Công thường', 'Đã duyệt', NULL),
(70, '2025-10-22', 2, '08:00:00', '17:00:00', 8.00, 'Công thường', 'Đã duyệt', NULL),
(71, '2025-10-23', 2, '08:00:00', '17:00:00', 8.00, 'Công thường', 'Đã duyệt', NULL),
(72, '2025-10-24', 2, '08:00:00', '17:00:00', 8.00, 'Công thường', 'Đã duyệt', NULL),
(73, '2025-10-27', 2, '08:00:00', '17:00:00', 8.00, 'Công thường', 'Đã duyệt', NULL),
(74, '2025-10-28', 2, '08:00:00', '17:00:00', 8.00, 'Công thường', 'Đã duyệt', NULL),
(75, '2025-10-29', 2, '08:00:00', '17:00:00', 8.00, 'Công thường', 'Đã duyệt', NULL),
(76, '2025-10-30', 2, '08:00:00', '17:00:00', 8.00, 'Công thường', 'Đã duyệt', NULL),
(77, '2025-10-31', 2, '08:00:00', '17:00:00', 8.00, 'Công thường', 'Đã duyệt', NULL),
(78, '2025-10-02', 4, '08:00:00', '17:00:00', 8.00, 'Công thường', 'Đã duyệt', NULL),
(79, '2025-10-03', 4, '08:00:00', '17:00:00', 8.00, 'Công thường', 'Đã duyệt', NULL),
(80, '2025-10-06', 4, '08:00:00', '17:00:00', 8.00, 'Công thường', 'Đã duyệt', NULL),
(81, '2025-10-07', 4, '08:00:00', '17:00:00', 8.00, 'Công thường', 'Đã duyệt', NULL),
(82, '2025-10-08', 4, '08:00:00', '17:00:00', 8.00, 'Công thường', 'Đã duyệt', NULL),
(83, '2025-10-09', 4, '08:00:00', '17:00:00', 8.00, 'Công thường', 'Đã duyệt', NULL),
(84, '2025-10-10', 4, '08:00:00', '17:00:00', 8.00, 'Công thường', 'Đã duyệt', NULL),
(85, '2025-10-13', 4, '08:00:00', '17:00:00', 8.00, 'Công thường', 'Đã duyệt', NULL),
(86, '2025-10-14', 4, '08:00:00', '17:00:00', 8.00, 'Công thường', 'Đã duyệt', NULL),
(87, '2025-10-15', 4, '08:00:00', '17:00:00', 8.00, 'Công thường', 'Đã duyệt', NULL),
(88, '2025-10-16', 4, '08:00:00', '17:00:00', 8.00, 'Công thường', 'Đã duyệt', NULL),
(89, '2025-10-17', 4, '08:00:00', '17:00:00', 8.00, 'Công thường', 'Đã duyệt', NULL),
(90, '2025-10-20', 4, '08:00:00', '17:00:00', 8.00, 'Công thường', 'Đã duyệt', NULL),
(91, '2025-10-21', 4, '08:00:00', '17:00:00', 8.00, 'Công thường', 'Đã duyệt', NULL),
(92, '2025-10-22', 4, '08:00:00', '17:00:00', 8.00, 'Công thường', 'Đã duyệt', NULL),
(93, '2025-10-23', 4, '08:00:00', '17:00:00', 8.00, 'Công thường', 'Đã duyệt', NULL),
(94, '2025-10-24', 4, '08:00:00', '17:00:00', 8.00, 'Công thường', 'Đã duyệt', NULL),
(95, '2025-10-27', 4, '08:00:00', '17:00:00', 8.00, 'Công thường', 'Đã duyệt', NULL),
(96, '2025-10-28', 4, '08:00:00', '17:00:00', 8.00, 'Công thường', 'Đã duyệt', NULL),
(97, '2025-10-29', 4, '08:00:00', '17:00:00', 8.00, 'Công thường', 'Đã duyệt', NULL),
(98, '2025-10-30', 4, '08:00:00', '17:00:00', 8.00, 'Công thường', 'Đã duyệt', NULL),
(99, '2025-10-31', 4, '08:00:00', '17:00:00', 8.00, 'Công thường', 'Đã duyệt', NULL),
(100, '2025-10-03', 5, '08:00:00', '17:00:00', 8.00, 'Công thường', 'Đã duyệt', NULL),
(101, '2025-10-03', 5, '08:00:00', '17:00:00', 8.00, 'Công thường', 'Đã duyệt', NULL),
(102, '2025-10-06', 5, '08:00:00', '17:00:00', 8.00, 'Công thường', 'Đã duyệt', NULL),
(103, '2025-10-07', 5, '08:00:00', '17:00:00', 8.00, 'Công thường', 'Đã duyệt', NULL),
(104, '2025-10-08', 5, '08:00:00', '17:00:00', 8.00, 'Công thường', 'Đã duyệt', NULL),
(105, '2025-10-09', 5, '08:00:00', '17:00:00', 8.00, 'Công thường', 'Đã duyệt', NULL),
(106, '2025-10-10', 5, '08:00:00', '17:00:00', 8.00, 'Công thường', 'Đã duyệt', NULL),
(107, '2025-10-13', 5, '08:00:00', '17:00:00', 8.00, 'Công thường', 'Đã duyệt', NULL),
(108, '2025-10-14', 5, '08:00:00', '17:00:00', 8.00, 'Công thường', 'Đã duyệt', NULL),
(109, '2025-10-15', 5, '08:00:00', '17:00:00', 8.00, 'Công thường', 'Đã duyệt', NULL),
(110, '2025-10-16', 5, '08:00:00', '17:00:00', 8.00, 'Công thường', 'Đã duyệt', NULL),
(111, '2025-10-17', 5, '08:00:00', '17:00:00', 8.00, 'Công thường', 'Đã duyệt', NULL),
(112, '2025-10-20', 5, '08:00:00', '17:00:00', 8.00, 'Công thường', 'Đã duyệt', NULL),
(113, '2025-10-21', 5, '08:00:00', '17:00:00', 8.00, 'Công thường', 'Đã duyệt', NULL),
(114, '2025-10-22', 5, '08:00:00', '17:00:00', 8.00, 'Công thường', 'Đã duyệt', NULL),
(115, '2025-10-23', 5, '08:00:00', '17:00:00', 8.00, 'Công thường', 'Đã duyệt', NULL),
(116, '2025-10-24', 5, '08:00:00', '17:00:00', 8.00, 'Công thường', 'Đã duyệt', NULL),
(117, '2025-10-27', 5, '08:00:00', '17:00:00', 8.00, 'Công thường', 'Đã duyệt', NULL),
(118, '2025-10-28', 5, '08:00:00', '17:00:00', 8.00, 'Công thường', 'Đã duyệt', NULL),
(119, '2025-10-29', 5, '08:00:00', '17:00:00', 8.00, 'Công thường', 'Đã duyệt', NULL),
(120, '2025-10-30', 5, '08:00:00', '17:00:00', 8.00, 'Công thường', 'Đã duyệt', NULL),
(121, '2025-10-31', 5, '08:00:00', '17:00:00', 8.00, 'Công thường', 'Đã duyệt', NULL),
(124, '2025-10-23', 1, '18:00:00', '21:00:00', 3.00, 'Tăng ca', 'Đã duyệt', 'tăng ca'),
(125, '2025-10-31', 12, '08:00:00', '17:00:00', 8.00, 'Công thường', 'Đã duyệt', NULL),
(126, '2025-10-31', 13, '08:00:00', '17:00:00', 8.00, 'Công thường', 'Đã duyệt', NULL),
(127, '2025-10-31', 11, '08:00:00', '17:00:00', 8.00, 'Công thường', 'Đã duyệt', NULL),
(128, '2025-10-31', 6, '08:00:00', '17:00:00', 8.00, 'Công thường', 'Đã duyệt', NULL),
(129, '2025-10-31', 15, '08:00:00', '17:00:00', 8.00, 'Công thường', 'Đã duyệt', NULL),
(130, '2025-10-31', 7, '08:00:00', '17:00:00', 8.00, 'Công thường', 'Đã duyệt', NULL),
(131, '2025-10-31', 14, '08:00:00', '17:00:00', 8.00, 'Công thường', 'Đã duyệt', NULL),
(132, '2025-10-31', 8, '08:00:00', '17:00:00', 8.00, 'Công thường', 'Đã duyệt', NULL),
(133, '2025-10-31', 9, '08:00:00', '17:00:00', 8.00, 'Công thường', 'Đã duyệt', NULL),
(134, '2025-10-31', 10, '08:00:00', '17:00:00', 8.00, 'Công thường', 'Đã duyệt', NULL),
(135, '2025-10-21', 12, '08:00:00', '17:00:00', 8.00, 'Công thường', 'Đã duyệt', NULL),
(136, '2025-10-21', 13, '08:00:00', '17:00:00', 8.00, 'Công thường', 'Đã duyệt', NULL),
(137, '2025-10-21', 11, '08:00:00', '17:00:00', 8.00, 'Công thường', 'Đã duyệt', NULL),
(138, '2025-10-21', 6, '08:00:00', '17:00:00', 8.00, 'Công thường', 'Đã duyệt', NULL),
(139, '2025-10-21', 15, '08:00:00', '17:00:00', 8.00, 'Công thường', 'Đã duyệt', NULL),
(140, '2025-10-21', 7, '08:00:00', '17:00:00', 8.00, 'Công thường', 'Đã duyệt', NULL),
(141, '2025-10-21', 14, '08:00:00', '17:00:00', 8.00, 'Công thường', 'Đã duyệt', NULL),
(142, '2025-10-21', 8, '08:00:00', '17:00:00', 8.00, 'Công thường', 'Đã duyệt', NULL),
(143, '2025-10-21', 9, '08:00:00', '17:00:00', 8.00, 'Công thường', 'Đã duyệt', NULL),
(144, '2025-10-21', 10, '08:00:00', '17:00:00', 8.00, 'Công thường', 'Đã duyệt', NULL),
(145, '2025-10-01', 12, '08:00:00', '17:00:00', 8.00, 'Công thường', 'Đã duyệt', NULL),
(146, '2025-10-01', 13, '08:00:00', '17:00:00', 8.00, 'Công thường', 'Đã duyệt', NULL),
(147, '2025-10-01', 11, '08:00:00', '17:00:00', 8.00, 'Công thường', 'Đã duyệt', NULL),
(148, '2025-10-01', 6, '08:00:00', '17:00:00', 8.00, 'Công thường', 'Đã duyệt', NULL),
(149, '2025-10-01', 15, '08:00:00', '17:00:00', 8.00, 'Công thường', 'Đã duyệt', NULL),
(150, '2025-10-01', 7, '08:00:00', '17:00:00', 8.00, 'Công thường', 'Đã duyệt', NULL),
(151, '2025-10-01', 14, '08:00:00', '17:00:00', 8.00, 'Công thường', 'Đã duyệt', NULL),
(152, '2025-10-01', 8, '08:00:00', '17:00:00', 8.00, 'Công thường', 'Đã duyệt', NULL),
(153, '2025-10-01', 9, '08:00:00', '17:00:00', 8.00, 'Công thường', 'Đã duyệt', NULL),
(154, '2025-10-01', 10, '08:00:00', '17:00:00', 8.00, 'Công thường', 'Đã duyệt', NULL),
(155, '2025-10-22', 12, '08:00:00', '17:00:00', 8.00, 'Công thường', 'Đã duyệt', NULL),
(156, '2025-10-22', 13, '08:00:00', '17:00:00', 8.00, 'Công thường', 'Đã duyệt', NULL),
(157, '2025-10-22', 11, '08:00:00', '17:00:00', 8.00, 'Công thường', 'Đã duyệt', NULL),
(158, '2025-10-22', 6, '08:00:00', '17:00:00', 8.00, 'Công thường', 'Đã duyệt', NULL),
(159, '2025-10-22', 15, '08:00:00', '17:00:00', 8.00, 'Công thường', 'Đã duyệt', NULL),
(160, '2025-10-22', 7, '08:00:00', '17:00:00', 8.00, 'Công thường', 'Đã duyệt', NULL),
(161, '2025-10-22', 14, '08:00:00', '17:00:00', 8.00, 'Công thường', 'Đã duyệt', NULL),
(162, '2025-10-22', 8, '08:00:00', '17:00:00', 8.00, 'Công thường', 'Đã duyệt', NULL),
(163, '2025-10-22', 9, '08:00:00', '17:00:00', 8.00, 'Công thường', 'Đã duyệt', NULL),
(164, '2025-10-22', 10, '08:00:00', '17:00:00', 8.00, 'Công thường', 'Đã duyệt', NULL),
(165, '2025-10-02', 12, '08:00:00', '17:00:00', 8.00, 'Công thường', 'Đã duyệt', NULL),
(166, '2025-10-02', 13, '08:00:00', '17:00:00', 8.00, 'Công thường', 'Đã duyệt', NULL),
(167, '2025-10-02', 11, '08:00:00', '17:00:00', 8.00, 'Công thường', 'Đã duyệt', NULL),
(168, '2025-10-02', 6, '08:00:00', '17:00:00', 8.00, 'Công thường', 'Đã duyệt', NULL),
(169, '2025-10-02', 15, '08:00:00', '17:00:00', 8.00, 'Công thường', 'Đã duyệt', NULL),
(170, '2025-10-02', 7, '08:00:00', '17:00:00', 8.00, 'Công thường', 'Đã duyệt', NULL),
(171, '2025-10-02', 14, '08:00:00', '17:00:00', 8.00, 'Công thường', 'Đã duyệt', NULL),
(172, '2025-10-02', 8, '08:00:00', '17:00:00', 8.00, 'Công thường', 'Đã duyệt', NULL),
(173, '2025-10-02', 9, '08:00:00', '17:00:00', 8.00, 'Công thường', 'Đã duyệt', NULL),
(174, '2025-10-02', 10, '08:00:00', '17:00:00', 8.00, 'Công thường', 'Đã duyệt', NULL),
(175, '2025-10-23', 12, '08:00:00', '17:00:00', 8.00, 'Công thường', 'Đã duyệt', NULL),
(176, '2025-10-23', 13, '08:00:00', '17:00:00', 8.00, 'Công thường', 'Đã duyệt', NULL),
(177, '2025-10-23', 11, '08:00:00', '17:00:00', 8.00, 'Công thường', 'Đã duyệt', NULL),
(178, '2025-10-23', 6, '08:00:00', '17:00:00', 8.00, 'Công thường', 'Đã duyệt', NULL),
(179, '2025-10-23', 15, '08:00:00', '17:00:00', 8.00, 'Công thường', 'Đã duyệt', NULL),
(180, '2025-10-23', 7, '08:00:00', '17:00:00', 8.00, 'Công thường', 'Đã duyệt', NULL),
(181, '2025-10-23', 14, '08:00:00', '17:00:00', 8.00, 'Công thường', 'Đã duyệt', NULL),
(182, '2025-10-23', 8, '08:00:00', '17:00:00', 8.00, 'Công thường', 'Đã duyệt', NULL),
(183, '2025-10-23', 9, '08:00:00', '17:00:00', 8.00, 'Công thường', 'Đã duyệt', NULL),
(184, '2025-10-23', 10, '08:00:00', '17:00:00', 8.00, 'Công thường', 'Đã duyệt', NULL),
(185, '2025-10-13', 12, '08:00:00', '17:00:00', 8.00, 'Công thường', 'Đã duyệt', NULL),
(186, '2025-10-13', 13, '08:00:00', '17:00:00', 8.00, 'Công thường', 'Đã duyệt', NULL),
(187, '2025-10-13', 11, '08:00:00', '17:00:00', 8.00, 'Công thường', 'Đã duyệt', NULL),
(188, '2025-10-13', 6, '08:00:00', '17:00:00', 8.00, 'Công thường', 'Đã duyệt', NULL),
(189, '2025-10-13', 15, '08:00:00', '17:00:00', 8.00, 'Công thường', 'Đã duyệt', NULL),
(190, '2025-10-13', 7, '08:00:00', '17:00:00', 8.00, 'Công thường', 'Đã duyệt', NULL),
(191, '2025-10-13', 14, '08:00:00', '17:00:00', 8.00, 'Công thường', 'Đã duyệt', NULL),
(192, '2025-10-13', 8, '08:00:00', '17:00:00', 8.00, 'Công thường', 'Đã duyệt', NULL),
(193, '2025-10-13', 9, '08:00:00', '17:00:00', 8.00, 'Công thường', 'Đã duyệt', NULL),
(194, '2025-10-13', 10, '08:00:00', '17:00:00', 8.00, 'Công thường', 'Đã duyệt', NULL),
(195, '2025-10-03', 12, '08:00:00', '17:00:00', 8.00, 'Công thường', 'Đã duyệt', NULL),
(196, '2025-10-03', 13, '08:00:00', '17:00:00', 8.00, 'Công thường', 'Đã duyệt', NULL),
(197, '2025-10-03', 11, '08:00:00', '17:00:00', 8.00, 'Công thường', 'Đã duyệt', NULL),
(198, '2025-10-03', 6, '08:00:00', '17:00:00', 8.00, 'Công thường', 'Đã duyệt', NULL),
(199, '2025-10-03', 15, '08:00:00', '17:00:00', 8.00, 'Công thường', 'Đã duyệt', NULL),
(200, '2025-10-03', 7, '08:00:00', '17:00:00', 8.00, 'Công thường', 'Đã duyệt', NULL),
(201, '2025-10-03', 14, '08:00:00', '17:00:00', 8.00, 'Công thường', 'Đã duyệt', NULL),
(202, '2025-10-03', 8, '08:00:00', '17:00:00', 8.00, 'Công thường', 'Đã duyệt', NULL),
(203, '2025-10-03', 9, '08:00:00', '17:00:00', 8.00, 'Công thường', 'Đã duyệt', NULL),
(204, '2025-10-03', 10, '08:00:00', '17:00:00', 8.00, 'Công thường', 'Đã duyệt', NULL),
(205, '2025-10-24', 12, '08:00:00', '17:00:00', 8.00, 'Công thường', 'Đã duyệt', NULL),
(206, '2025-10-24', 13, '08:00:00', '17:00:00', 8.00, 'Công thường', 'Đã duyệt', NULL),
(207, '2025-10-24', 11, '08:00:00', '17:00:00', 8.00, 'Công thường', 'Đã duyệt', NULL),
(208, '2025-10-24', 6, '08:00:00', '17:00:00', 8.00, 'Công thường', 'Đã duyệt', NULL),
(209, '2025-10-24', 15, '08:00:00', '17:00:00', 8.00, 'Công thường', 'Đã duyệt', NULL),
(210, '2025-10-24', 7, '08:00:00', '17:00:00', 8.00, 'Công thường', 'Đã duyệt', NULL),
(211, '2025-10-24', 14, '08:00:00', '17:00:00', 8.00, 'Công thường', 'Đã duyệt', NULL),
(212, '2025-10-24', 8, '08:00:00', '17:00:00', 8.00, 'Công thường', 'Đã duyệt', NULL),
(213, '2025-10-24', 9, '08:00:00', '17:00:00', 8.00, 'Công thường', 'Đã duyệt', NULL),
(214, '2025-10-24', 10, '08:00:00', '17:00:00', 8.00, 'Công thường', 'Đã duyệt', NULL),
(215, '2025-10-14', 12, '08:00:00', '17:00:00', 8.00, 'Công thường', 'Đã duyệt', NULL),
(216, '2025-10-14', 13, '08:00:00', '17:00:00', 8.00, 'Công thường', 'Đã duyệt', NULL),
(217, '2025-10-14', 11, '08:00:00', '17:00:00', 8.00, 'Công thường', 'Đã duyệt', NULL),
(218, '2025-10-14', 6, '08:00:00', '17:00:00', 8.00, 'Công thường', 'Đã duyệt', NULL),
(219, '2025-10-14', 15, '08:00:00', '17:00:00', 8.00, 'Công thường', 'Đã duyệt', NULL),
(220, '2025-10-14', 7, '08:00:00', '17:00:00', 8.00, 'Công thường', 'Đã duyệt', NULL),
(221, '2025-10-14', 14, '08:00:00', '17:00:00', 8.00, 'Công thường', 'Đã duyệt', NULL),
(222, '2025-10-14', 8, '08:00:00', '17:00:00', 8.00, 'Công thường', 'Đã duyệt', NULL),
(223, '2025-10-14', 9, '08:00:00', '17:00:00', 8.00, 'Công thường', 'Đã duyệt', NULL),
(224, '2025-10-14', 10, '08:00:00', '17:00:00', 8.00, 'Công thường', 'Đã duyệt', NULL),
(225, '2025-10-15', 12, '08:00:00', '17:00:00', 8.00, 'Công thường', 'Đã duyệt', NULL),
(226, '2025-10-15', 13, '08:00:00', '17:00:00', 8.00, 'Công thường', 'Đã duyệt', NULL),
(227, '2025-10-15', 11, '08:00:00', '17:00:00', 8.00, 'Công thường', 'Đã duyệt', NULL),
(228, '2025-10-15', 6, '08:00:00', '17:00:00', 8.00, 'Công thường', 'Đã duyệt', NULL),
(229, '2025-10-15', 15, '08:00:00', '17:00:00', 8.00, 'Công thường', 'Đã duyệt', NULL),
(230, '2025-10-15', 7, '08:00:00', '17:00:00', 8.00, 'Công thường', 'Đã duyệt', NULL),
(231, '2025-10-15', 14, '08:00:00', '17:00:00', 8.00, 'Công thường', 'Đã duyệt', NULL),
(232, '2025-10-15', 8, '08:00:00', '17:00:00', 8.00, 'Công thường', 'Đã duyệt', NULL),
(233, '2025-10-15', 9, '08:00:00', '17:00:00', 8.00, 'Công thường', 'Đã duyệt', NULL),
(234, '2025-10-15', 10, '08:00:00', '17:00:00', 8.00, 'Công thường', 'Đã duyệt', NULL),
(235, '2025-10-16', 12, '08:00:00', '17:00:00', 8.00, 'Công thường', 'Đã duyệt', NULL),
(236, '2025-10-16', 13, '08:00:00', '17:00:00', 8.00, 'Công thường', 'Đã duyệt', NULL),
(237, '2025-10-16', 11, '08:00:00', '17:00:00', 8.00, 'Công thường', 'Đã duyệt', NULL),
(238, '2025-10-16', 6, '08:00:00', '17:00:00', 8.00, 'Công thường', 'Đã duyệt', NULL),
(239, '2025-10-16', 15, '08:00:00', '17:00:00', 8.00, 'Công thường', 'Đã duyệt', NULL),
(240, '2025-10-16', 7, '08:00:00', '17:00:00', 8.00, 'Công thường', 'Đã duyệt', NULL),
(241, '2025-10-16', 14, '08:00:00', '17:00:00', 8.00, 'Công thường', 'Đã duyệt', NULL),
(242, '2025-10-16', 8, '08:00:00', '17:00:00', 8.00, 'Công thường', 'Đã duyệt', NULL),
(243, '2025-10-16', 9, '08:00:00', '17:00:00', 8.00, 'Công thường', 'Đã duyệt', NULL),
(244, '2025-10-16', 10, '08:00:00', '17:00:00', 8.00, 'Công thường', 'Đã duyệt', NULL),
(245, '2025-10-06', 12, '08:00:00', '17:00:00', 8.00, 'Công thường', 'Đã duyệt', NULL),
(246, '2025-10-06', 13, '08:00:00', '17:00:00', 8.00, 'Công thường', 'Đã duyệt', NULL),
(247, '2025-10-06', 11, '08:00:00', '17:00:00', 8.00, 'Công thường', 'Đã duyệt', NULL),
(248, '2025-10-06', 6, '08:00:00', '17:00:00', 8.00, 'Công thường', 'Đã duyệt', NULL),
(249, '2025-10-06', 15, '08:00:00', '17:00:00', 8.00, 'Công thường', 'Đã duyệt', NULL),
(250, '2025-10-06', 7, '08:00:00', '17:00:00', 8.00, 'Công thường', 'Đã duyệt', NULL),
(251, '2025-10-06', 14, '08:00:00', '17:00:00', 8.00, 'Công thường', 'Đã duyệt', NULL),
(252, '2025-10-06', 8, '08:00:00', '17:00:00', 8.00, 'Công thường', 'Đã duyệt', NULL),
(253, '2025-10-06', 9, '08:00:00', '17:00:00', 8.00, 'Công thường', 'Đã duyệt', NULL),
(254, '2025-10-06', 10, '08:00:00', '17:00:00', 8.00, 'Công thường', 'Đã duyệt', NULL),
(255, '2025-10-27', 12, '08:00:00', '17:00:00', 8.00, 'Công thường', 'Đã duyệt', NULL),
(256, '2025-10-27', 13, '08:00:00', '17:00:00', 8.00, 'Công thường', 'Đã duyệt', NULL),
(257, '2025-10-27', 11, '08:00:00', '17:00:00', 8.00, 'Công thường', 'Đã duyệt', NULL),
(258, '2025-10-27', 6, '08:00:00', '17:00:00', 8.00, 'Công thường', 'Đã duyệt', NULL),
(259, '2025-10-27', 15, '08:00:00', '17:00:00', 8.00, 'Công thường', 'Đã duyệt', NULL),
(260, '2025-10-27', 7, '08:00:00', '17:00:00', 8.00, 'Công thường', 'Đã duyệt', NULL),
(261, '2025-10-27', 14, '08:00:00', '17:00:00', 8.00, 'Công thường', 'Đã duyệt', NULL),
(262, '2025-10-27', 8, '08:00:00', '17:00:00', 8.00, 'Công thường', 'Đã duyệt', NULL),
(263, '2025-10-27', 9, '08:00:00', '17:00:00', 8.00, 'Công thường', 'Đã duyệt', NULL),
(264, '2025-10-27', 10, '08:00:00', '17:00:00', 8.00, 'Công thường', 'Đã duyệt', NULL),
(265, '2025-10-17', 12, '08:00:00', '17:00:00', 8.00, 'Công thường', 'Đã duyệt', NULL),
(266, '2025-10-17', 13, '08:00:00', '17:00:00', 8.00, 'Công thường', 'Đã duyệt', NULL),
(267, '2025-10-17', 11, '08:00:00', '17:00:00', 8.00, 'Công thường', 'Đã duyệt', NULL),
(268, '2025-10-17', 6, '08:00:00', '17:00:00', 8.00, 'Công thường', 'Đã duyệt', NULL),
(269, '2025-10-17', 15, '08:00:00', '17:00:00', 8.00, 'Công thường', 'Đã duyệt', NULL),
(270, '2025-10-17', 7, '08:00:00', '17:00:00', 8.00, 'Công thường', 'Đã duyệt', NULL),
(271, '2025-10-17', 14, '08:00:00', '17:00:00', 8.00, 'Công thường', 'Đã duyệt', NULL),
(272, '2025-10-17', 8, '08:00:00', '17:00:00', 8.00, 'Công thường', 'Đã duyệt', NULL),
(273, '2025-10-17', 9, '08:00:00', '17:00:00', 8.00, 'Công thường', 'Đã duyệt', NULL),
(274, '2025-10-17', 10, '08:00:00', '17:00:00', 8.00, 'Công thường', 'Đã duyệt', NULL),
(275, '2025-10-07', 12, '08:00:00', '17:00:00', 8.00, 'Công thường', 'Đã duyệt', NULL),
(276, '2025-10-07', 13, '08:00:00', '17:00:00', 8.00, 'Công thường', 'Đã duyệt', NULL),
(277, '2025-10-07', 11, '08:00:00', '17:00:00', 8.00, 'Công thường', 'Đã duyệt', NULL),
(278, '2025-10-07', 6, '08:00:00', '17:00:00', 8.00, 'Công thường', 'Đã duyệt', NULL),
(279, '2025-10-07', 15, '08:00:00', '17:00:00', 8.00, 'Công thường', 'Đã duyệt', NULL),
(280, '2025-10-07', 7, '08:00:00', '17:00:00', 8.00, 'Công thường', 'Đã duyệt', NULL),
(281, '2025-10-07', 14, '08:00:00', '17:00:00', 8.00, 'Công thường', 'Đã duyệt', NULL),
(282, '2025-10-07', 8, '08:00:00', '17:00:00', 8.00, 'Công thường', 'Đã duyệt', NULL),
(283, '2025-10-07', 9, '08:00:00', '17:00:00', 8.00, 'Công thường', 'Đã duyệt', NULL),
(284, '2025-10-07', 10, '08:00:00', '17:00:00', 8.00, 'Công thường', 'Đã duyệt', NULL),
(285, '2025-10-28', 12, '08:00:00', '17:00:00', 8.00, 'Công thường', 'Đã duyệt', NULL),
(286, '2025-10-28', 13, '08:00:00', '17:00:00', 8.00, 'Công thường', 'Đã duyệt', NULL),
(287, '2025-10-28', 11, '08:00:00', '17:00:00', 8.00, 'Công thường', 'Đã duyệt', NULL),
(288, '2025-10-28', 6, '08:00:00', '17:00:00', 8.00, 'Công thường', 'Đã duyệt', NULL),
(289, '2025-10-28', 15, '08:00:00', '17:00:00', 8.00, 'Công thường', 'Đã duyệt', NULL),
(290, '2025-10-28', 7, '08:00:00', '17:00:00', 8.00, 'Công thường', 'Đã duyệt', NULL),
(291, '2025-10-28', 14, '08:00:00', '17:00:00', 8.00, 'Công thường', 'Đã duyệt', NULL),
(292, '2025-10-28', 8, '08:00:00', '17:00:00', 8.00, 'Công thường', 'Đã duyệt', NULL),
(293, '2025-10-28', 9, '08:00:00', '17:00:00', 8.00, 'Công thường', 'Đã duyệt', NULL),
(294, '2025-10-28', 10, '08:00:00', '17:00:00', 8.00, 'Công thường', 'Đã duyệt', NULL),
(295, '2025-10-08', 12, '08:00:00', '17:00:00', 8.00, 'Công thường', 'Đã duyệt', NULL),
(296, '2025-10-08', 13, '08:00:00', '17:00:00', 8.00, 'Công thường', 'Đã duyệt', NULL),
(297, '2025-10-08', 11, '08:00:00', '17:00:00', 8.00, 'Công thường', 'Đã duyệt', NULL),
(298, '2025-10-08', 6, '08:00:00', '17:00:00', 8.00, 'Công thường', 'Đã duyệt', NULL),
(299, '2025-10-08', 15, '08:00:00', '17:00:00', 8.00, 'Công thường', 'Đã duyệt', NULL),
(300, '2025-10-08', 7, '08:00:00', '17:00:00', 8.00, 'Công thường', 'Đã duyệt', NULL),
(301, '2025-10-08', 14, '08:00:00', '17:00:00', 8.00, 'Công thường', 'Đã duyệt', NULL),
(302, '2025-10-08', 8, '08:00:00', '17:00:00', 8.00, 'Công thường', 'Đã duyệt', NULL),
(303, '2025-10-08', 9, '08:00:00', '17:00:00', 8.00, 'Công thường', 'Đã duyệt', NULL),
(304, '2025-10-08', 10, '08:00:00', '17:00:00', 8.00, 'Công thường', 'Đã duyệt', NULL),
(305, '2025-10-29', 12, '08:00:00', '17:00:00', 8.00, 'Công thường', 'Đã duyệt', NULL),
(306, '2025-10-29', 13, '08:00:00', '17:00:00', 8.00, 'Công thường', 'Đã duyệt', NULL),
(307, '2025-10-29', 11, '08:00:00', '17:00:00', 8.00, 'Công thường', 'Đã duyệt', NULL),
(308, '2025-10-29', 6, '08:00:00', '17:00:00', 8.00, 'Công thường', 'Đã duyệt', NULL),
(309, '2025-10-29', 15, '08:00:00', '17:00:00', 8.00, 'Công thường', 'Đã duyệt', NULL),
(310, '2025-10-29', 7, '08:00:00', '17:00:00', 8.00, 'Công thường', 'Đã duyệt', NULL),
(311, '2025-10-29', 14, '08:00:00', '17:00:00', 8.00, 'Công thường', 'Đã duyệt', NULL),
(312, '2025-10-29', 8, '08:00:00', '17:00:00', 8.00, 'Công thường', 'Đã duyệt', NULL),
(313, '2025-10-29', 9, '08:00:00', '17:00:00', 8.00, 'Công thường', 'Đã duyệt', NULL),
(314, '2025-10-29', 10, '08:00:00', '17:00:00', 8.00, 'Công thường', 'Đã duyệt', NULL),
(315, '2025-10-09', 12, '08:00:00', '17:00:00', 8.00, 'Công thường', 'Đã duyệt', NULL),
(316, '2025-10-09', 13, '08:00:00', '17:00:00', 8.00, 'Công thường', 'Đã duyệt', NULL),
(317, '2025-10-09', 11, '08:00:00', '17:00:00', 8.00, 'Công thường', 'Đã duyệt', NULL),
(318, '2025-10-09', 6, '08:00:00', '17:00:00', 8.00, 'Công thường', 'Đã duyệt', NULL),
(319, '2025-10-09', 15, '08:00:00', '17:00:00', 8.00, 'Công thường', 'Đã duyệt', NULL),
(320, '2025-10-09', 7, '08:00:00', '17:00:00', 8.00, 'Công thường', 'Đã duyệt', NULL),
(321, '2025-10-09', 14, '08:00:00', '17:00:00', 8.00, 'Công thường', 'Đã duyệt', NULL),
(322, '2025-10-09', 8, '08:00:00', '17:00:00', 8.00, 'Công thường', 'Đã duyệt', NULL),
(323, '2025-10-09', 9, '08:00:00', '17:00:00', 8.00, 'Công thường', 'Đã duyệt', NULL),
(324, '2025-10-09', 10, '08:00:00', '17:00:00', 8.00, 'Công thường', 'Đã duyệt', NULL),
(325, '2025-10-30', 12, '08:00:00', '17:00:00', 8.00, 'Công thường', 'Đã duyệt', NULL),
(326, '2025-10-30', 13, '08:00:00', '17:00:00', 8.00, 'Công thường', 'Đã duyệt', NULL),
(327, '2025-10-30', 11, '08:00:00', '17:00:00', 8.00, 'Công thường', 'Đã duyệt', NULL),
(328, '2025-10-30', 6, '08:00:00', '17:00:00', 8.00, 'Công thường', 'Đã duyệt', NULL),
(329, '2025-10-30', 15, '08:00:00', '17:00:00', 8.00, 'Công thường', 'Đã duyệt', NULL),
(330, '2025-10-30', 7, '08:00:00', '17:00:00', 8.00, 'Công thường', 'Đã duyệt', NULL),
(331, '2025-10-30', 14, '08:00:00', '17:00:00', 8.00, 'Công thường', 'Đã duyệt', NULL),
(332, '2025-10-30', 8, '08:00:00', '17:00:00', 8.00, 'Công thường', 'Đã duyệt', NULL),
(333, '2025-10-30', 9, '08:00:00', '17:00:00', 8.00, 'Công thường', 'Đã duyệt', NULL),
(334, '2025-10-30', 10, '08:00:00', '17:00:00', 8.00, 'Công thường', 'Đã duyệt', NULL),
(335, '2025-10-20', 12, '08:00:00', '17:00:00', 8.00, 'Công thường', 'Đã duyệt', NULL),
(336, '2025-10-20', 13, '08:00:00', '17:00:00', 8.00, 'Công thường', 'Đã duyệt', NULL),
(337, '2025-10-20', 11, '08:00:00', '17:00:00', 8.00, 'Công thường', 'Đã duyệt', NULL),
(338, '2025-10-20', 6, '08:00:00', '17:00:00', 8.00, 'Công thường', 'Đã duyệt', NULL),
(339, '2025-10-20', 15, '08:00:00', '17:00:00', 8.00, 'Công thường', 'Đã duyệt', NULL),
(340, '2025-10-20', 7, '08:00:00', '17:00:00', 8.00, 'Công thường', 'Đã duyệt', NULL),
(341, '2025-10-20', 14, '08:00:00', '17:00:00', 8.00, 'Công thường', 'Đã duyệt', NULL),
(342, '2025-10-20', 8, '08:00:00', '17:00:00', 8.00, 'Công thường', 'Đã duyệt', NULL),
(343, '2025-10-20', 9, '08:00:00', '17:00:00', 8.00, 'Công thường', 'Đã duyệt', NULL),
(344, '2025-10-20', 10, '08:00:00', '17:00:00', 8.00, 'Công thường', 'Đã duyệt', NULL),
(345, '2025-10-10', 12, '08:00:00', '17:00:00', 8.00, 'Công thường', 'Đã duyệt', NULL),
(346, '2025-10-10', 13, '08:00:00', '17:00:00', 8.00, 'Công thường', 'Đã duyệt', NULL),
(347, '2025-10-10', 11, '08:00:00', '17:00:00', 8.00, 'Công thường', 'Đã duyệt', NULL),
(348, '2025-10-10', 6, '08:00:00', '17:00:00', 8.00, 'Công thường', 'Đã duyệt', NULL),
(349, '2025-10-10', 15, '08:00:00', '17:00:00', 8.00, 'Công thường', 'Đã duyệt', NULL),
(350, '2025-10-10', 7, '08:00:00', '17:00:00', 8.00, 'Công thường', 'Đã duyệt', NULL),
(351, '2025-10-10', 14, '08:00:00', '17:00:00', 8.00, 'Công thường', 'Đã duyệt', NULL),
(352, '2025-10-10', 8, '08:00:00', '17:00:00', 8.00, 'Công thường', 'Đã duyệt', NULL),
(353, '2025-10-10', 9, '08:00:00', '17:00:00', 8.00, 'Công thường', 'Đã duyệt', NULL),
(354, '2025-10-10', 10, '08:00:00', '17:00:00', 8.00, 'Công thường', 'Đã duyệt', NULL),
(380, '2025-11-21', 1, '08:00:00', '17:00:00', 8.00, 'Công thường', 'Đã duyệt', NULL),
(381, '2025-11-21', 5, '08:00:00', '17:00:00', 8.00, 'Công thường', 'Đã duyệt', NULL),
(382, '2025-11-21', 12, '08:00:00', '17:00:00', 8.00, 'Công thường', 'Đã duyệt', NULL),
(383, '2025-11-21', 2, '08:00:00', '17:00:00', 8.00, 'Công thường', 'Đã duyệt', NULL),
(384, '2025-11-21', 4, '08:00:00', '17:00:00', 8.00, 'Công thường', 'Đã duyệt', NULL),
(385, '2025-11-21', 13, '08:00:00', '17:00:00', 8.00, 'Công thường', 'Đã duyệt', NULL),
(386, '2025-11-21', 3, '08:00:00', '17:00:00', 8.00, 'Công thường', 'Đã duyệt', NULL),
(387, '2025-11-21', 11, '08:00:00', '17:00:00', 8.00, 'Công thường', 'Đã duyệt', NULL),
(388, '2025-11-21', 6, '08:00:00', '17:00:00', 8.00, 'Công thường', 'Đã duyệt', NULL),
(389, '2025-11-21', 15, '08:00:00', '17:00:00', 8.00, 'Công thường', 'Đã duyệt', NULL),
(390, '2025-11-21', 7, '08:00:00', '17:00:00', 8.00, 'Công thường', 'Đã duyệt', NULL),
(391, '2025-11-21', 14, '08:00:00', '17:00:00', 8.00, 'Công thường', 'Đã duyệt', NULL),
(392, '2025-11-21', 8, '08:00:00', '17:00:00', 8.00, 'Công thường', 'Đã duyệt', NULL),
(393, '2025-11-21', 9, '08:00:00', '17:00:00', 8.00, 'Công thường', 'Đã duyệt', NULL),
(394, '2025-11-21', 10, '08:00:00', '17:00:00', 8.00, 'Công thường', 'Đã duyệt', NULL),
(395, '2025-11-11', 1, '08:00:00', '17:00:00', 8.00, 'Công thường', 'Đã duyệt', NULL),
(396, '2025-11-11', 5, '08:00:00', '17:00:00', 8.00, 'Công thường', 'Đã duyệt', NULL),
(397, '2025-11-11', 12, '08:00:00', '17:00:00', 8.00, 'Công thường', 'Đã duyệt', NULL),
(398, '2025-11-11', 2, '08:00:00', '17:00:00', 8.00, 'Công thường', 'Đã duyệt', NULL),
(399, '2025-11-11', 4, '08:00:00', '17:00:00', 8.00, 'Công thường', 'Đã duyệt', NULL),
(400, '2025-11-11', 13, '08:00:00', '17:00:00', 8.00, 'Công thường', 'Đã duyệt', NULL),
(401, '2025-11-11', 3, '08:00:00', '17:00:00', 8.00, 'Công thường', 'Đã duyệt', NULL),
(402, '2025-11-11', 11, '08:00:00', '17:00:00', 8.00, 'Công thường', 'Đã duyệt', NULL),
(403, '2025-11-11', 6, '08:00:00', '17:00:00', 8.00, 'Công thường', 'Đã duyệt', NULL),
(404, '2025-11-11', 15, '08:00:00', '17:00:00', 8.00, 'Công thường', 'Đã duyệt', NULL),
(405, '2025-11-11', 7, '08:00:00', '17:00:00', 8.00, 'Công thường', 'Đã duyệt', NULL),
(406, '2025-11-11', 14, '08:00:00', '17:00:00', 8.00, 'Công thường', 'Đã duyệt', NULL),
(407, '2025-11-11', 8, '08:00:00', '17:00:00', 8.00, 'Công thường', 'Đã duyệt', NULL),
(408, '2025-11-11', 9, '08:00:00', '17:00:00', 8.00, 'Công thường', 'Đã duyệt', NULL),
(409, '2025-11-11', 10, '08:00:00', '17:00:00', 8.00, 'Công thường', 'Đã duyệt', NULL),
(410, '2025-11-12', 1, '08:00:00', '17:00:00', 8.00, 'Công thường', 'Đã duyệt', NULL),
(411, '2025-11-12', 5, '08:00:00', '17:00:00', 8.00, 'Công thường', 'Đã duyệt', NULL),
(412, '2025-11-12', 12, '08:00:00', '17:00:00', 8.00, 'Công thường', 'Đã duyệt', NULL),
(413, '2025-11-12', 2, '08:00:00', '17:00:00', 8.00, 'Công thường', 'Đã duyệt', NULL),
(414, '2025-11-12', 4, '08:00:00', '17:00:00', 8.00, 'Công thường', 'Đã duyệt', NULL),
(415, '2025-11-12', 13, '08:00:00', '17:00:00', 8.00, 'Công thường', 'Đã duyệt', NULL),
(416, '2025-11-12', 3, '08:00:00', '17:00:00', 8.00, 'Công thường', 'Đã duyệt', NULL),
(417, '2025-11-12', 11, '08:00:00', '17:00:00', 8.00, 'Công thường', 'Đã duyệt', NULL),
(418, '2025-11-12', 6, '08:00:00', '17:00:00', 8.00, 'Công thường', 'Đã duyệt', NULL),
(419, '2025-11-12', 15, '08:00:00', '17:00:00', 8.00, 'Công thường', 'Đã duyệt', NULL),
(420, '2025-11-12', 7, '08:00:00', '17:00:00', 8.00, 'Công thường', 'Đã duyệt', NULL),
(421, '2025-11-12', 14, '08:00:00', '17:00:00', 8.00, 'Công thường', 'Đã duyệt', NULL),
(422, '2025-11-12', 8, '08:00:00', '17:00:00', 8.00, 'Công thường', 'Đã duyệt', NULL),
(423, '2025-11-12', 9, '08:00:00', '17:00:00', 8.00, 'Công thường', 'Đã duyệt', NULL),
(424, '2025-11-12', 10, '08:00:00', '17:00:00', 8.00, 'Công thường', 'Đã duyệt', NULL),
(425, '2025-11-13', 1, '08:00:00', '17:00:00', 8.00, 'Công thường', 'Đã duyệt', NULL),
(426, '2025-11-13', 5, '08:00:00', '17:00:00', 8.00, 'Công thường', 'Đã duyệt', NULL),
(427, '2025-11-13', 12, '08:00:00', '17:00:00', 8.00, 'Công thường', 'Đã duyệt', NULL),
(428, '2025-11-13', 2, '08:00:00', '17:00:00', 8.00, 'Công thường', 'Đã duyệt', NULL),
(429, '2025-11-13', 4, '08:00:00', '17:00:00', 8.00, 'Công thường', 'Đã duyệt', NULL),
(430, '2025-11-13', 13, '08:00:00', '17:00:00', 8.00, 'Công thường', 'Đã duyệt', NULL),
(431, '2025-11-13', 3, '08:00:00', '17:00:00', 8.00, 'Công thường', 'Đã duyệt', NULL),
(432, '2025-11-13', 11, '08:00:00', '17:00:00', 8.00, 'Công thường', 'Đã duyệt', NULL),
(433, '2025-11-13', 6, '08:00:00', '17:00:00', 8.00, 'Công thường', 'Đã duyệt', NULL),
(434, '2025-11-13', 15, '08:00:00', '17:00:00', 8.00, 'Công thường', 'Đã duyệt', NULL),
(435, '2025-11-13', 7, '08:00:00', '17:00:00', 8.00, 'Công thường', 'Đã duyệt', NULL),
(436, '2025-11-13', 14, '08:00:00', '17:00:00', 8.00, 'Công thường', 'Đã duyệt', NULL),
(437, '2025-11-13', 8, '08:00:00', '17:00:00', 8.00, 'Công thường', 'Đã duyệt', NULL),
(438, '2025-11-13', 9, '08:00:00', '17:00:00', 8.00, 'Công thường', 'Đã duyệt', NULL),
(439, '2025-11-13', 10, '08:00:00', '17:00:00', 8.00, 'Công thường', 'Đã duyệt', NULL),
(440, '2025-11-03', 1, '08:00:00', '17:00:00', 8.00, 'Công thường', 'Đã duyệt', NULL),
(441, '2025-11-03', 5, '08:00:00', '17:00:00', 8.00, 'Công thường', 'Đã duyệt', NULL),
(442, '2025-11-03', 12, '08:00:00', '17:00:00', 8.00, 'Công thường', 'Đã duyệt', NULL),
(443, '2025-11-03', 2, '08:00:00', '17:00:00', 8.00, 'Công thường', 'Đã duyệt', NULL),
(444, '2025-11-03', 4, '08:00:00', '17:00:00', 8.00, 'Công thường', 'Đã duyệt', NULL),
(445, '2025-11-03', 13, '08:00:00', '17:00:00', 8.00, 'Công thường', 'Đã duyệt', NULL),
(446, '2025-11-03', 3, '08:00:00', '17:00:00', 8.00, 'Công thường', 'Đã duyệt', NULL),
(447, '2025-11-03', 11, '08:00:00', '17:00:00', 8.00, 'Công thường', 'Đã duyệt', NULL),
(448, '2025-11-03', 6, '08:00:00', '17:00:00', 8.00, 'Công thường', 'Đã duyệt', NULL),
(449, '2025-11-03', 15, '08:00:00', '17:00:00', 8.00, 'Công thường', 'Đã duyệt', NULL),
(450, '2025-11-03', 7, '08:00:00', '17:00:00', 8.00, 'Công thường', 'Đã duyệt', NULL),
(451, '2025-11-03', 14, '08:00:00', '17:00:00', 8.00, 'Công thường', 'Đã duyệt', NULL),
(452, '2025-11-03', 8, '08:00:00', '17:00:00', 8.00, 'Công thường', 'Đã duyệt', NULL),
(453, '2025-11-03', 9, '08:00:00', '17:00:00', 8.00, 'Công thường', 'Đã duyệt', NULL),
(454, '2025-11-03', 10, '08:00:00', '17:00:00', 8.00, 'Công thường', 'Đã duyệt', NULL),
(455, '2025-11-24', 1, '08:00:00', '17:00:00', 8.00, 'Công thường', 'Đã duyệt', NULL),
(456, '2025-11-24', 5, '08:00:00', '17:00:00', 8.00, 'Công thường', 'Đã duyệt', NULL),
(457, '2025-11-24', 12, '08:00:00', '17:00:00', 8.00, 'Công thường', 'Đã duyệt', NULL),
(458, '2025-11-24', 2, '08:00:00', '17:00:00', 8.00, 'Công thường', 'Đã duyệt', NULL),
(459, '2025-11-24', 4, '08:00:00', '17:00:00', 8.00, 'Công thường', 'Đã duyệt', NULL),
(460, '2025-11-24', 13, '08:00:00', '17:00:00', 8.00, 'Công thường', 'Đã duyệt', NULL),
(461, '2025-11-24', 3, '08:00:00', '17:00:00', 8.00, 'Công thường', 'Đã duyệt', NULL),
(462, '2025-11-24', 11, '08:00:00', '17:00:00', 8.00, 'Công thường', 'Đã duyệt', NULL),
(463, '2025-11-24', 6, '08:00:00', '17:00:00', 8.00, 'Công thường', 'Đã duyệt', NULL),
(464, '2025-11-24', 15, '08:00:00', '17:00:00', 8.00, 'Công thường', 'Đã duyệt', NULL),
(465, '2025-11-24', 7, '08:00:00', '17:00:00', 8.00, 'Công thường', 'Đã duyệt', NULL),
(466, '2025-11-24', 14, '08:00:00', '17:00:00', 8.00, 'Công thường', 'Đã duyệt', NULL),
(467, '2025-11-24', 8, '08:00:00', '17:00:00', 8.00, 'Công thường', 'Đã duyệt', NULL),
(468, '2025-11-24', 9, '08:00:00', '17:00:00', 8.00, 'Công thường', 'Đã duyệt', NULL),
(469, '2025-11-24', 10, '08:00:00', '17:00:00', 8.00, 'Công thường', 'Đã duyệt', NULL),
(470, '2025-11-14', 1, '08:00:00', '17:00:00', 8.00, 'Công thường', 'Đã duyệt', NULL),
(471, '2025-11-14', 5, '08:00:00', '17:00:00', 8.00, 'Công thường', 'Đã duyệt', NULL),
(472, '2025-11-14', 12, '08:00:00', '17:00:00', 8.00, 'Công thường', 'Đã duyệt', NULL),
(473, '2025-11-14', 2, '08:00:00', '17:00:00', 8.00, 'Công thường', 'Đã duyệt', NULL),
(474, '2025-11-14', 4, '08:00:00', '17:00:00', 8.00, 'Công thường', 'Đã duyệt', NULL),
(475, '2025-11-14', 13, '08:00:00', '17:00:00', 8.00, 'Công thường', 'Đã duyệt', NULL),
(476, '2025-11-14', 3, '08:00:00', '17:00:00', 8.00, 'Công thường', 'Đã duyệt', NULL),
(477, '2025-11-14', 11, '08:00:00', '17:00:00', 8.00, 'Công thường', 'Đã duyệt', NULL),
(478, '2025-11-14', 6, '08:00:00', '17:00:00', 8.00, 'Công thường', 'Đã duyệt', NULL),
(479, '2025-11-14', 15, '08:00:00', '17:00:00', 8.00, 'Công thường', 'Đã duyệt', NULL),
(480, '2025-11-14', 7, '08:00:00', '17:00:00', 8.00, 'Công thường', 'Đã duyệt', NULL),
(481, '2025-11-14', 14, '08:00:00', '17:00:00', 8.00, 'Công thường', 'Đã duyệt', NULL),
(482, '2025-11-14', 8, '08:00:00', '17:00:00', 8.00, 'Công thường', 'Đã duyệt', NULL),
(483, '2025-11-14', 9, '08:00:00', '17:00:00', 8.00, 'Công thường', 'Đã duyệt', NULL),
(484, '2025-11-14', 10, '08:00:00', '17:00:00', 8.00, 'Công thường', 'Đã duyệt', NULL),
(485, '2025-11-04', 1, '08:00:00', '17:00:00', 8.00, 'Công thường', 'Đã duyệt', NULL),
(486, '2025-11-04', 5, '08:00:00', '17:00:00', 8.00, 'Công thường', 'Đã duyệt', NULL),
(487, '2025-11-04', 12, '08:00:00', '17:00:00', 8.00, 'Công thường', 'Đã duyệt', NULL),
(488, '2025-11-04', 2, '08:00:00', '17:00:00', 8.00, 'Công thường', 'Đã duyệt', NULL),
(489, '2025-11-04', 4, '08:00:00', '17:00:00', 8.00, 'Công thường', 'Đã duyệt', NULL),
(490, '2025-11-04', 13, '08:00:00', '17:00:00', 8.00, 'Công thường', 'Đã duyệt', NULL),
(491, '2025-11-04', 3, '08:00:00', '17:00:00', 8.00, 'Công thường', 'Đã duyệt', NULL),
(492, '2025-11-04', 11, '08:00:00', '17:00:00', 8.00, 'Công thường', 'Đã duyệt', NULL),
(493, '2025-11-04', 6, '08:00:00', '17:00:00', 8.00, 'Công thường', 'Đã duyệt', NULL),
(494, '2025-11-04', 15, '08:00:00', '17:00:00', 8.00, 'Công thường', 'Đã duyệt', NULL),
(495, '2025-11-04', 7, '08:00:00', '17:00:00', 8.00, 'Công thường', 'Đã duyệt', NULL),
(496, '2025-11-04', 14, '08:00:00', '17:00:00', 8.00, 'Công thường', 'Đã duyệt', NULL),
(497, '2025-11-04', 8, '08:00:00', '17:00:00', 8.00, 'Công thường', 'Đã duyệt', NULL),
(498, '2025-11-04', 9, '08:00:00', '17:00:00', 8.00, 'Công thường', 'Đã duyệt', NULL),
(499, '2025-11-04', 10, '08:00:00', '17:00:00', 8.00, 'Công thường', 'Đã duyệt', NULL),
(500, '2025-11-25', 1, '08:00:00', '17:00:00', 8.00, 'Công thường', 'Đã duyệt', NULL),
(501, '2025-11-25', 5, '08:00:00', '17:00:00', 8.00, 'Công thường', 'Đã duyệt', NULL),
(502, '2025-11-25', 12, '08:00:00', '17:00:00', 8.00, 'Công thường', 'Đã duyệt', NULL),
(503, '2025-11-25', 2, '08:00:00', '17:00:00', 8.00, 'Công thường', 'Đã duyệt', NULL),
(504, '2025-11-25', 4, '08:00:00', '17:00:00', 8.00, 'Công thường', 'Đã duyệt', NULL),
(505, '2025-11-25', 13, '08:00:00', '17:00:00', 8.00, 'Công thường', 'Đã duyệt', NULL),
(506, '2025-11-25', 3, '08:00:00', '17:00:00', 8.00, 'Công thường', 'Đã duyệt', NULL),
(507, '2025-11-25', 11, '08:00:00', '17:00:00', 8.00, 'Công thường', 'Đã duyệt', NULL),
(508, '2025-11-25', 6, '08:00:00', '17:00:00', 8.00, 'Công thường', 'Đã duyệt', NULL),
(509, '2025-11-25', 15, '08:00:00', '17:00:00', 8.00, 'Công thường', 'Đã duyệt', NULL),
(510, '2025-11-25', 7, '08:00:00', '17:00:00', 8.00, 'Công thường', 'Đã duyệt', NULL),
(511, '2025-11-25', 14, '08:00:00', '17:00:00', 8.00, 'Công thường', 'Đã duyệt', NULL),
(512, '2025-11-25', 8, '08:00:00', '17:00:00', 8.00, 'Công thường', 'Đã duyệt', NULL),
(513, '2025-11-25', 9, '08:00:00', '17:00:00', 8.00, 'Công thường', 'Đã duyệt', NULL),
(514, '2025-11-25', 10, '08:00:00', '17:00:00', 8.00, 'Công thường', 'Đã duyệt', NULL),
(515, '2025-11-05', 1, '08:00:00', '17:00:00', 8.00, 'Công thường', 'Đã duyệt', NULL),
(516, '2025-11-05', 5, '08:00:00', '17:00:00', 8.00, 'Công thường', 'Đã duyệt', NULL),
(517, '2025-11-05', 12, '08:00:00', '17:00:00', 8.00, 'Công thường', 'Đã duyệt', NULL),
(518, '2025-11-05', 2, '08:00:00', '17:00:00', 8.00, 'Công thường', 'Đã duyệt', NULL),
(519, '2025-11-05', 4, '08:00:00', '17:00:00', 8.00, 'Công thường', 'Đã duyệt', NULL),
(520, '2025-11-05', 13, '08:00:00', '17:00:00', 8.00, 'Công thường', 'Đã duyệt', NULL),
(521, '2025-11-05', 3, '08:00:00', '17:00:00', 8.00, 'Công thường', 'Đã duyệt', NULL),
(522, '2025-11-05', 11, '08:00:00', '17:00:00', 8.00, 'Công thường', 'Đã duyệt', NULL),
(523, '2025-11-05', 6, '08:00:00', '17:00:00', 8.00, 'Công thường', 'Đã duyệt', NULL),
(524, '2025-11-05', 15, '08:00:00', '17:00:00', 8.00, 'Công thường', 'Đã duyệt', NULL),
(525, '2025-11-05', 7, '08:00:00', '17:00:00', 8.00, 'Công thường', 'Đã duyệt', NULL),
(526, '2025-11-05', 14, '08:00:00', '17:00:00', 8.00, 'Công thường', 'Đã duyệt', NULL),
(527, '2025-11-05', 8, '08:00:00', '17:00:00', 8.00, 'Công thường', 'Đã duyệt', NULL),
(528, '2025-11-05', 9, '08:00:00', '17:00:00', 8.00, 'Công thường', 'Đã duyệt', NULL),
(529, '2025-11-05', 10, '08:00:00', '17:00:00', 8.00, 'Công thường', 'Đã duyệt', NULL),
(530, '2025-11-26', 1, '08:00:00', '17:00:00', 8.00, 'Công thường', 'Đã duyệt', NULL),
(531, '2025-11-26', 5, '08:00:00', '17:00:00', 8.00, 'Công thường', 'Đã duyệt', NULL),
(532, '2025-11-26', 12, '08:00:00', '17:00:00', 8.00, 'Công thường', 'Đã duyệt', NULL),
(533, '2025-11-26', 2, '08:00:00', '17:00:00', 8.00, 'Công thường', 'Đã duyệt', NULL),
(534, '2025-11-26', 4, '08:00:00', '17:00:00', 8.00, 'Công thường', 'Đã duyệt', NULL),
(535, '2025-11-26', 13, '08:00:00', '17:00:00', 8.00, 'Công thường', 'Đã duyệt', NULL),
(536, '2025-11-26', 3, '08:00:00', '17:00:00', 8.00, 'Công thường', 'Đã duyệt', NULL),
(537, '2025-11-26', 11, '08:00:00', '17:00:00', 8.00, 'Công thường', 'Đã duyệt', NULL),
(538, '2025-11-26', 6, '08:00:00', '17:00:00', 8.00, 'Công thường', 'Đã duyệt', NULL),
(539, '2025-11-26', 15, '08:00:00', '17:00:00', 8.00, 'Công thường', 'Đã duyệt', NULL),
(540, '2025-11-26', 7, '08:00:00', '17:00:00', 8.00, 'Công thường', 'Đã duyệt', NULL),
(541, '2025-11-26', 14, '08:00:00', '17:24:00', 8.00, 'Công thường', 'Đã duyệt', ''),
(542, '2025-11-26', 8, '08:00:00', '17:00:00', 8.00, 'Công thường', 'Đã duyệt', NULL),
(543, '2025-11-26', 9, '08:00:00', '17:00:00', 8.00, 'Công thường', 'Đã duyệt', NULL),
(544, '2025-11-26', 10, '08:00:00', '17:00:00', 8.00, 'Công thường', 'Đã duyệt', NULL),
(545, '2025-11-06', 1, '08:00:00', '17:00:00', 8.00, 'Công thường', 'Đã duyệt', NULL),
(546, '2025-11-06', 5, '08:00:00', '17:00:00', 8.00, 'Công thường', 'Đã duyệt', NULL),
(547, '2025-11-06', 12, '08:00:00', '17:00:00', 8.00, 'Công thường', 'Đã duyệt', NULL),
(548, '2025-11-06', 2, '08:00:00', '17:00:00', 8.00, 'Công thường', 'Đã duyệt', NULL),
(549, '2025-11-06', 4, '08:00:00', '17:00:00', 8.00, 'Công thường', 'Đã duyệt', NULL),
(550, '2025-11-06', 13, '08:00:00', '17:00:00', 8.00, 'Công thường', 'Đã duyệt', NULL),
(551, '2025-11-06', 3, '08:00:00', '17:00:00', 8.00, 'Công thường', 'Đã duyệt', NULL),
(552, '2025-11-06', 11, '08:00:00', '17:00:00', 8.00, 'Công thường', 'Đã duyệt', NULL),
(553, '2025-11-06', 6, '08:00:00', '17:00:00', 8.00, 'Công thường', 'Đã duyệt', NULL),
(554, '2025-11-06', 15, '08:00:00', '17:00:00', 8.00, 'Công thường', 'Đã duyệt', NULL),
(555, '2025-11-06', 7, '08:00:00', '17:00:00', 8.00, 'Công thường', 'Đã duyệt', NULL),
(556, '2025-11-06', 14, '08:00:00', '17:00:00', 8.00, 'Công thường', 'Đã duyệt', NULL),
(557, '2025-11-06', 8, '08:00:00', '17:00:00', 8.00, 'Công thường', 'Đã duyệt', NULL),
(558, '2025-11-06', 9, '08:00:00', '17:00:00', 8.00, 'Công thường', 'Đã duyệt', NULL),
(559, '2025-11-06', 10, '08:00:00', '17:00:00', 8.00, 'Công thường', 'Đã duyệt', NULL),
(560, '2025-11-27', 1, '08:00:00', '17:00:00', 8.00, 'Công thường', 'Đã duyệt', NULL),
(561, '2025-11-27', 5, '08:00:00', '17:00:00', 8.00, 'Công thường', 'Đã duyệt', NULL),
(562, '2025-11-27', 12, '08:00:00', '17:00:00', 8.00, 'Công thường', 'Đã duyệt', NULL),
(563, '2025-11-27', 2, '08:00:00', '17:00:00', 8.00, 'Công thường', 'Đã duyệt', NULL),
(564, '2025-11-27', 4, '08:00:00', '17:00:00', 8.00, 'Công thường', 'Đã duyệt', NULL),
(565, '2025-11-27', 13, '08:00:00', '17:00:00', 8.00, 'Công thường', 'Đã duyệt', NULL),
(566, '2025-11-27', 3, '08:00:00', '17:00:00', 8.00, 'Công thường', 'Đã duyệt', NULL),
(567, '2025-11-27', 11, '08:00:00', '17:00:00', 8.00, 'Công thường', 'Đã duyệt', NULL),
(568, '2025-11-27', 6, '08:00:00', '17:00:00', 8.00, 'Công thường', 'Đã duyệt', NULL),
(569, '2025-11-27', 15, '08:00:00', '17:00:00', 8.00, 'Công thường', 'Đã duyệt', NULL),
(570, '2025-11-27', 7, '08:00:00', '17:00:00', 8.00, 'Công thường', 'Đã duyệt', NULL),
(571, '2025-11-27', 14, '08:00:00', '17:00:00', 8.00, 'Công thường', 'Đã duyệt', NULL),
(572, '2025-11-27', 8, '08:00:00', '17:00:00', 8.00, 'Công thường', 'Đã duyệt', NULL),
(573, '2025-11-27', 9, '08:00:00', '17:00:00', 8.00, 'Công thường', 'Đã duyệt', NULL),
(574, '2025-11-27', 10, '08:00:00', '17:00:00', 8.00, 'Công thường', 'Đã duyệt', NULL),
(575, '2025-11-17', 1, '08:00:00', '17:00:00', 8.00, 'Công thường', 'Đã duyệt', NULL),
(576, '2025-11-17', 5, '08:00:00', '17:00:00', 8.00, 'Công thường', 'Đã duyệt', NULL),
(577, '2025-11-17', 12, '08:00:00', '17:00:00', 8.00, 'Công thường', 'Đã duyệt', NULL),
(578, '2025-11-17', 2, '08:00:00', '17:00:00', 8.00, 'Công thường', 'Đã duyệt', NULL),
(579, '2025-11-17', 4, '08:00:00', '17:00:00', 8.00, 'Công thường', 'Đã duyệt', NULL),
(580, '2025-11-17', 13, '08:00:00', '17:00:00', 8.00, 'Công thường', 'Đã duyệt', NULL),
(581, '2025-11-17', 3, '08:00:00', '17:00:00', 8.00, 'Công thường', 'Đã duyệt', NULL),
(582, '2025-11-17', 11, '08:00:00', '17:00:00', 8.00, 'Công thường', 'Đã duyệt', NULL),
(583, '2025-11-17', 6, '08:00:00', '17:00:00', 8.00, 'Công thường', 'Đã duyệt', NULL),
(584, '2025-11-17', 15, '08:00:00', '17:00:00', 8.00, 'Công thường', 'Đã duyệt', NULL),
(585, '2025-11-17', 7, '08:00:00', '17:00:00', 8.00, 'Công thường', 'Đã duyệt', NULL),
(586, '2025-11-17', 14, '08:00:00', '17:00:00', 8.00, 'Công thường', 'Đã duyệt', NULL),
(587, '2025-11-17', 8, '08:00:00', '17:00:00', 8.00, 'Công thường', 'Đã duyệt', NULL),
(588, '2025-11-17', 9, '08:00:00', '17:00:00', 8.00, 'Công thường', 'Đã duyệt', NULL),
(589, '2025-11-17', 10, '08:00:00', '17:00:00', 8.00, 'Công thường', 'Đã duyệt', NULL),
(590, '2025-11-07', 1, '08:00:00', '17:00:00', 8.00, 'Công thường', 'Đã duyệt', NULL),
(591, '2025-11-07', 5, '08:00:00', '17:00:00', 8.00, 'Công thường', 'Đã duyệt', NULL),
(592, '2025-11-07', 12, '08:00:00', '17:00:00', 8.00, 'Công thường', 'Đã duyệt', NULL),
(593, '2025-11-07', 2, '08:00:00', '17:00:00', 8.00, 'Công thường', 'Đã duyệt', NULL),
(594, '2025-11-07', 4, '08:00:00', '17:00:00', 8.00, 'Công thường', 'Đã duyệt', NULL),
(595, '2025-11-07', 13, '08:00:00', '17:00:00', 8.00, 'Công thường', 'Đã duyệt', NULL),
(596, '2025-11-07', 3, '08:00:00', '17:00:00', 8.00, 'Công thường', 'Đã duyệt', NULL),
(597, '2025-11-07', 11, '08:00:00', '17:00:00', 8.00, 'Công thường', 'Đã duyệt', NULL),
(598, '2025-11-07', 6, '08:00:00', '17:00:00', 8.00, 'Công thường', 'Đã duyệt', NULL),
(599, '2025-11-07', 15, '08:00:00', '17:00:00', 8.00, 'Công thường', 'Đã duyệt', NULL),
(600, '2025-11-07', 7, '08:00:00', '17:00:00', 8.00, 'Công thường', 'Đã duyệt', NULL),
(601, '2025-11-07', 14, '08:00:00', '17:00:00', 8.00, 'Công thường', 'Đã duyệt', NULL),
(602, '2025-11-07', 8, '08:00:00', '17:00:00', 8.00, 'Công thường', 'Đã duyệt', NULL),
(603, '2025-11-07', 9, '08:00:00', '17:00:00', 8.00, 'Công thường', 'Đã duyệt', NULL),
(604, '2025-11-07', 10, '08:00:00', '17:00:00', 8.00, 'Công thường', 'Đã duyệt', NULL),
(605, '2025-11-28', 1, '08:00:00', '17:00:00', 8.00, 'Công thường', 'Đã duyệt', ''),
(606, '2025-11-28', 5, '08:00:00', '17:00:00', 8.00, 'Công thường', 'Đã duyệt', NULL),
(607, '2025-11-28', 12, '08:00:00', '17:00:00', 8.00, 'Công thường', 'Đã duyệt', NULL),
(608, '2025-11-28', 2, '08:00:00', '17:00:00', 8.00, 'Công thường', 'Đã duyệt', NULL),
(609, '2025-11-28', 4, '08:00:00', '17:00:00', 8.00, 'Công thường', 'Đã duyệt', NULL),
(610, '2025-11-28', 13, '08:00:00', '17:00:00', 8.00, 'Công thường', 'Đã duyệt', NULL),
(611, '2025-11-28', 3, '08:00:00', '17:00:00', 8.00, 'Công thường', 'Đã duyệt', NULL),
(612, '2025-11-28', 11, '08:00:00', '17:00:00', 8.00, 'Công thường', 'Đã duyệt', NULL),
(613, '2025-11-28', 6, '08:00:00', '17:00:00', 8.00, 'Công thường', 'Đã duyệt', NULL),
(614, '2025-11-28', 15, '08:00:00', '17:00:00', 8.00, 'Công thường', 'Đã duyệt', NULL),
(615, '2025-11-28', 7, '08:00:00', '17:00:00', 8.00, 'Công thường', 'Đã duyệt', NULL),
(616, '2025-11-28', 14, '09:00:00', '17:00:00', 7.00, 'Công thường', 'Đã duyệt', 'đi muộn'),
(617, '2025-11-28', 8, '08:00:00', '17:00:00', 8.00, 'Công thường', 'Đã duyệt', NULL),
(618, '2025-11-28', 9, '08:00:00', '17:00:00', 8.00, 'Công thường', 'Đã duyệt', NULL),
(619, '2025-11-28', 10, '08:00:00', '17:00:00', 8.00, 'Công thường', 'Đã duyệt', NULL);
INSERT INTO `chamcong` (`MaCC`, `Ngay`, `MaNV`, `GioVao`, `GioRa`, `GioLam`, `LoaiCong`, `TrangThai`, `GhiChu`) VALUES
(620, '2025-11-18', 1, '08:00:00', '17:00:00', 8.00, 'Công thường', 'Đã duyệt', NULL),
(621, '2025-11-18', 5, '08:00:00', '17:00:00', 8.00, 'Công thường', 'Đã duyệt', NULL),
(622, '2025-11-18', 12, '08:00:00', '17:00:00', 8.00, 'Công thường', 'Đã duyệt', NULL),
(623, '2025-11-18', 2, '08:00:00', '17:00:00', 8.00, 'Công thường', 'Đã duyệt', NULL),
(624, '2025-11-18', 4, '08:00:00', '17:00:00', 8.00, 'Công thường', 'Đã duyệt', NULL),
(625, '2025-11-18', 13, '08:00:00', '17:00:00', 8.00, 'Công thường', 'Đã duyệt', NULL),
(626, '2025-11-18', 3, '08:00:00', '17:00:00', 8.00, 'Công thường', 'Đã duyệt', NULL),
(627, '2025-11-18', 11, '08:00:00', '17:00:00', 8.00, 'Công thường', 'Đã duyệt', NULL),
(628, '2025-11-18', 6, '08:00:00', '17:00:00', 8.00, 'Công thường', 'Đã duyệt', NULL),
(629, '2025-11-18', 15, '08:00:00', '17:00:00', 8.00, 'Công thường', 'Đã duyệt', NULL),
(630, '2025-11-18', 7, '08:00:00', '17:00:00', 8.00, 'Công thường', 'Đã duyệt', NULL),
(631, '2025-11-18', 14, '08:00:00', '17:00:00', 8.00, 'Công thường', 'Đã duyệt', NULL),
(632, '2025-11-18', 8, '08:00:00', '17:00:00', 8.00, 'Công thường', 'Đã duyệt', NULL),
(633, '2025-11-18', 9, '08:00:00', '17:00:00', 8.00, 'Công thường', 'Đã duyệt', NULL),
(634, '2025-11-18', 10, '08:00:00', '17:00:00', 8.00, 'Công thường', 'Đã duyệt', NULL),
(635, '2025-11-19', 1, '08:00:00', '17:00:00', 8.00, 'Công thường', 'Đã duyệt', NULL),
(636, '2025-11-19', 5, '08:00:00', '17:00:00', 8.00, 'Công thường', 'Đã duyệt', NULL),
(637, '2025-11-19', 12, '08:00:00', '17:00:00', 8.00, 'Công thường', 'Đã duyệt', NULL),
(638, '2025-11-19', 2, '08:00:00', '17:00:00', 8.00, 'Công thường', 'Đã duyệt', NULL),
(639, '2025-11-19', 4, '08:00:00', '17:00:00', 8.00, 'Công thường', 'Đã duyệt', NULL),
(640, '2025-11-19', 13, '08:00:00', '17:00:00', 8.00, 'Công thường', 'Đã duyệt', NULL),
(641, '2025-11-19', 3, '08:00:00', '17:00:00', 8.00, 'Công thường', 'Đã duyệt', NULL),
(642, '2025-11-19', 11, '08:00:00', '17:00:00', 8.00, 'Công thường', 'Đã duyệt', NULL),
(643, '2025-11-19', 6, '08:00:00', '17:00:00', 8.00, 'Công thường', 'Đã duyệt', NULL),
(644, '2025-11-19', 15, '08:00:00', '17:00:00', 8.00, 'Công thường', 'Đã duyệt', NULL),
(645, '2025-11-19', 7, '08:00:00', '17:00:00', 8.00, 'Công thường', 'Đã duyệt', NULL),
(646, '2025-11-19', 14, '08:00:00', '17:00:00', 8.00, 'Công thường', 'Đã duyệt', NULL),
(647, '2025-11-19', 8, '08:00:00', '17:00:00', 8.00, 'Công thường', 'Đã duyệt', NULL),
(648, '2025-11-19', 9, '08:00:00', '17:00:00', 8.00, 'Công thường', 'Đã duyệt', NULL),
(649, '2025-11-19', 10, '08:00:00', '17:00:00', 8.00, 'Công thường', 'Đã duyệt', NULL),
(650, '2025-11-20', 1, '08:00:00', '17:00:00', 8.00, 'Công thường', 'Đã duyệt', NULL),
(651, '2025-11-20', 5, '08:00:00', '17:00:00', 8.00, 'Công thường', 'Đã duyệt', NULL),
(652, '2025-11-20', 12, '08:00:00', '17:00:00', 8.00, 'Công thường', 'Đã duyệt', NULL),
(653, '2025-11-20', 2, '08:00:00', '17:00:00', 8.00, 'Công thường', 'Đã duyệt', NULL),
(654, '2025-11-20', 4, '08:00:00', '17:00:00', 8.00, 'Công thường', 'Đã duyệt', NULL),
(655, '2025-11-20', 13, '08:00:00', '17:00:00', 8.00, 'Công thường', 'Đã duyệt', NULL),
(656, '2025-11-20', 3, '08:00:00', '17:00:00', 8.00, 'Công thường', 'Đã duyệt', NULL),
(657, '2025-11-20', 11, '08:00:00', '17:00:00', 8.00, 'Công thường', 'Đã duyệt', NULL),
(658, '2025-11-20', 6, '08:00:00', '17:00:00', 8.00, 'Công thường', 'Đã duyệt', NULL),
(659, '2025-11-20', 15, '08:00:00', '17:00:00', 8.00, 'Công thường', 'Đã duyệt', NULL),
(660, '2025-11-20', 7, '08:00:00', '17:00:00', 8.00, 'Công thường', 'Đã duyệt', NULL),
(661, '2025-11-20', 14, '10:00:00', '17:00:00', 6.00, 'Công thường', 'Đã duyệt', 'đi muộn'),
(662, '2025-11-20', 8, '08:00:00', '17:00:00', 8.00, 'Công thường', 'Đã duyệt', NULL),
(663, '2025-11-20', 9, '08:00:00', '17:00:00', 8.00, 'Công thường', 'Đã duyệt', NULL),
(664, '2025-11-20', 10, '08:00:00', '17:00:00', 8.00, 'Công thường', 'Đã duyệt', NULL),
(665, '2025-11-10', 1, '08:00:00', '17:00:00', 8.00, 'Công thường', 'Đã duyệt', NULL),
(666, '2025-11-10', 5, '08:00:00', '17:00:00', 8.00, 'Công thường', 'Đã duyệt', NULL),
(667, '2025-11-10', 12, '08:00:00', '17:00:00', 8.00, 'Công thường', 'Đã duyệt', NULL),
(668, '2025-11-10', 2, '08:00:00', '17:00:00', 8.00, 'Công thường', 'Đã duyệt', NULL),
(669, '2025-11-10', 4, '08:00:00', '17:00:00', 8.00, 'Công thường', 'Đã duyệt', NULL),
(670, '2025-11-10', 13, '08:00:00', '17:00:00', 8.00, 'Công thường', 'Đã duyệt', NULL),
(671, '2025-11-10', 3, '08:00:00', '17:00:00', 8.00, 'Công thường', 'Đã duyệt', NULL),
(672, '2025-11-10', 11, '08:00:00', '17:00:00', 8.00, 'Công thường', 'Đã duyệt', NULL),
(673, '2025-11-10', 6, '08:00:00', '17:00:00', 8.00, 'Công thường', 'Đã duyệt', NULL),
(674, '2025-11-10', 15, '08:00:00', '17:00:00', 8.00, 'Công thường', 'Đã duyệt', NULL),
(675, '2025-11-10', 7, '08:00:00', '17:00:00', 8.00, 'Công thường', 'Đã duyệt', NULL),
(676, '2025-11-10', 14, '08:00:00', '17:00:00', 8.00, 'Công thường', 'Đã duyệt', NULL),
(677, '2025-11-10', 8, '08:00:00', '17:00:00', 8.00, 'Công thường', 'Đã duyệt', NULL),
(678, '2025-11-10', 9, '08:00:00', '17:00:00', 8.00, 'Công thường', 'Đã duyệt', NULL),
(679, '2025-11-10', 10, '08:00:00', '17:00:00', 8.00, 'Công thường', 'Đã duyệt', NULL),
(891, '2025-12-31', 1, '08:00:00', '17:00:00', 8.00, 'Công thường', 'Đã duyệt', NULL),
(892, '2025-12-31', 5, '08:00:00', '17:00:00', 8.00, 'Công thường', 'Đã duyệt', NULL),
(893, '2025-12-31', 12, '08:00:00', '17:00:00', 8.00, 'Công thường', 'Đã duyệt', NULL),
(894, '2025-12-31', 2, '08:00:00', '17:00:00', 8.00, 'Công thường', 'Đã duyệt', NULL),
(895, '2025-12-31', 4, '08:00:00', '17:00:00', 8.00, 'Công thường', 'Đã duyệt', NULL),
(896, '2025-12-31', 13, '08:00:00', '17:00:00', 8.00, 'Công thường', 'Đã duyệt', NULL),
(897, '2025-12-31', 3, '08:00:00', '17:00:00', 8.00, 'Công thường', 'Đã duyệt', NULL),
(899, '2025-12-31', 6, '08:00:00', '17:00:00', 8.00, 'Công thường', 'Đã duyệt', NULL),
(900, '2025-12-31', 15, '08:00:00', '17:00:00', 8.00, 'Công thường', 'Đã duyệt', NULL),
(901, '2025-12-31', 7, '08:00:00', '17:00:00', 8.00, 'Công thường', 'Đã duyệt', NULL),
(902, '2025-12-31', 14, '08:00:00', '17:00:00', 8.00, 'Công thường', 'Đã duyệt', NULL),
(903, '2025-12-31', 8, '08:00:00', '17:00:00', 8.00, 'Công thường', 'Đã duyệt', NULL),
(904, '2025-12-31', 9, '08:00:00', '17:00:00', 8.00, 'Công thường', 'Đã duyệt', NULL),
(905, '2025-12-31', 10, '08:00:00', '17:00:00', 8.00, 'Công thường', 'Đã duyệt', NULL),
(906, '2025-12-11', 1, '08:00:00', '17:00:00', 8.00, 'Công thường', 'Đã duyệt', NULL),
(907, '2025-12-11', 5, '08:00:00', '17:00:00', 8.00, 'Công thường', 'Đã duyệt', NULL),
(908, '2025-12-11', 12, '08:00:00', '17:00:00', 8.00, 'Công thường', 'Đã duyệt', NULL),
(909, '2025-12-11', 2, '08:00:00', '17:00:00', 8.00, 'Công thường', 'Đã duyệt', NULL),
(910, '2025-12-11', 4, '08:00:00', '17:00:00', 8.00, 'Công thường', 'Đã duyệt', NULL),
(911, '2025-12-11', 13, '08:00:00', '17:00:00', 8.00, 'Công thường', 'Đã duyệt', NULL),
(912, '2025-12-11', 3, '08:00:00', '17:00:00', 8.00, 'Công thường', 'Đã duyệt', NULL),
(914, '2025-12-11', 6, '08:00:00', '17:00:00', 8.00, 'Công thường', 'Đã duyệt', NULL),
(915, '2025-12-11', 15, '08:00:00', '17:00:00', 8.00, 'Công thường', 'Đã duyệt', NULL),
(916, '2025-12-11', 7, '08:00:00', '17:00:00', 8.00, 'Công thường', 'Đã duyệt', NULL),
(917, '2025-12-11', 14, '08:00:00', '17:00:00', 8.00, 'Công thường', 'Đã duyệt', NULL),
(918, '2025-12-11', 8, '08:00:00', '17:00:00', 8.00, 'Công thường', 'Đã duyệt', NULL),
(919, '2025-12-11', 9, '08:00:00', '17:00:00', 8.00, 'Công thường', 'Đã duyệt', NULL),
(920, '2025-12-11', 10, '08:00:00', '17:00:00', 8.00, 'Công thường', 'Đã duyệt', NULL),
(921, '2025-12-01', 1, '08:00:00', '17:00:00', 8.00, 'Công thường', 'Đã duyệt', NULL),
(922, '2025-12-01', 5, '08:00:00', '17:00:00', 8.00, 'Công thường', 'Đã duyệt', NULL),
(923, '2025-12-01', 12, '08:00:00', '17:00:00', 8.00, 'Công thường', 'Đã duyệt', NULL),
(924, '2025-12-01', 2, '08:00:00', '17:00:00', 8.00, 'Công thường', 'Đã duyệt', NULL),
(925, '2025-12-01', 4, '08:00:00', '17:00:00', 8.00, 'Công thường', 'Đã duyệt', NULL),
(926, '2025-12-01', 13, '08:00:00', '17:00:00', 8.00, 'Công thường', 'Đã duyệt', NULL),
(927, '2025-12-01', 3, '08:00:00', '17:00:00', 8.00, 'Công thường', 'Đã duyệt', NULL),
(929, '2025-12-01', 6, '08:00:00', '17:00:00', 8.00, 'Công thường', 'Đã duyệt', NULL),
(930, '2025-12-01', 15, '08:00:00', '17:00:00', 8.00, 'Công thường', 'Đã duyệt', NULL),
(931, '2025-12-01', 7, '08:00:00', '17:00:00', 8.00, 'Công thường', 'Đã duyệt', NULL),
(932, '2025-12-01', 14, '08:00:00', '17:00:00', 8.00, 'Công thường', 'Đã duyệt', NULL),
(933, '2025-12-01', 8, '08:00:00', '17:00:00', 8.00, 'Công thường', 'Đã duyệt', NULL),
(934, '2025-12-01', 9, '08:00:00', '17:00:00', 8.00, 'Công thường', 'Đã duyệt', NULL),
(935, '2025-12-01', 10, '08:00:00', '17:00:00', 8.00, 'Công thường', 'Đã duyệt', NULL),
(936, '2025-12-22', 1, '08:00:00', '17:00:00', 8.00, 'Công thường', 'Đã duyệt', NULL),
(937, '2025-12-22', 5, '08:00:00', '17:00:00', 8.00, 'Công thường', 'Đã duyệt', NULL),
(938, '2025-12-22', 12, '08:00:00', '17:00:00', 8.00, 'Công thường', 'Đã duyệt', NULL),
(939, '2025-12-22', 2, '08:00:00', '17:00:00', 8.00, 'Công thường', 'Đã duyệt', NULL),
(940, '2025-12-22', 4, '08:00:00', '17:00:00', 8.00, 'Công thường', 'Đã duyệt', NULL),
(941, '2025-12-22', 13, '08:00:00', '17:00:00', 8.00, 'Công thường', 'Đã duyệt', NULL),
(942, '2025-12-22', 3, '08:00:00', '17:00:00', 8.00, 'Công thường', 'Đã duyệt', NULL),
(944, '2025-12-22', 6, '08:00:00', '17:00:00', 8.00, 'Công thường', 'Đã duyệt', NULL),
(945, '2025-12-22', 15, '08:00:00', '17:00:00', 8.00, 'Công thường', 'Đã duyệt', NULL),
(946, '2025-12-22', 7, '08:00:00', '17:00:00', 8.00, 'Công thường', 'Đã duyệt', NULL),
(947, '2025-12-22', 14, '08:00:00', '17:00:00', 8.00, 'Công thường', 'Đã duyệt', NULL),
(948, '2025-12-22', 8, '08:00:00', '17:00:00', 8.00, 'Công thường', 'Đã duyệt', NULL),
(949, '2025-12-22', 9, '08:00:00', '17:00:00', 8.00, 'Công thường', 'Đã duyệt', NULL),
(950, '2025-12-22', 10, '08:00:00', '17:00:00', 8.00, 'Công thường', 'Đã duyệt', NULL),
(951, '2025-12-12', 1, '08:00:00', '17:00:00', 8.00, 'Công thường', 'Đã duyệt', NULL),
(952, '2025-12-12', 5, '08:00:00', '17:00:00', 8.00, 'Công thường', 'Đã duyệt', NULL),
(953, '2025-12-12', 12, '08:00:00', '17:00:00', 8.00, 'Công thường', 'Đã duyệt', NULL),
(954, '2025-12-12', 2, '08:00:00', '17:00:00', 8.00, 'Công thường', 'Đã duyệt', NULL),
(955, '2025-12-12', 4, '08:00:00', '17:00:00', 8.00, 'Công thường', 'Đã duyệt', NULL),
(956, '2025-12-12', 13, '08:00:00', '17:00:00', 8.00, 'Công thường', 'Đã duyệt', NULL),
(957, '2025-12-12', 3, '08:00:00', '17:00:00', 8.00, 'Công thường', 'Đã duyệt', NULL),
(959, '2025-12-12', 6, '08:00:00', '17:00:00', 8.00, 'Công thường', 'Đã duyệt', NULL),
(960, '2025-12-12', 15, '08:00:00', '17:00:00', 8.00, 'Công thường', 'Đã duyệt', NULL),
(961, '2025-12-12', 7, '08:00:00', '17:00:00', 8.00, 'Công thường', 'Đã duyệt', NULL),
(962, '2025-12-12', 14, '08:00:00', '17:00:00', 8.00, 'Công thường', 'Đã duyệt', NULL),
(963, '2025-12-12', 8, '08:00:00', '17:00:00', 8.00, 'Công thường', 'Đã duyệt', NULL),
(964, '2025-12-12', 9, '08:00:00', '17:00:00', 8.00, 'Công thường', 'Đã duyệt', NULL),
(965, '2025-12-12', 10, '08:00:00', '17:00:00', 8.00, 'Công thường', 'Đã duyệt', NULL),
(966, '2025-12-02', 1, '08:00:00', '17:00:00', 8.00, 'Công thường', 'Đã duyệt', NULL),
(967, '2025-12-02', 5, '08:00:00', '17:00:00', 8.00, 'Công thường', 'Đã duyệt', NULL),
(968, '2025-12-02', 12, '08:00:00', '17:00:00', 8.00, 'Công thường', 'Đã duyệt', NULL),
(969, '2025-12-02', 2, '08:00:00', '17:00:00', 8.00, 'Công thường', 'Đã duyệt', NULL),
(970, '2025-12-02', 4, '08:00:00', '17:00:00', 8.00, 'Công thường', 'Đã duyệt', NULL),
(971, '2025-12-02', 13, '08:00:00', '17:00:00', 8.00, 'Công thường', 'Đã duyệt', NULL),
(972, '2025-12-02', 3, '08:00:00', '17:00:00', 8.00, 'Công thường', 'Đã duyệt', NULL),
(974, '2025-12-02', 6, '08:00:00', '17:00:00', 8.00, 'Công thường', 'Đã duyệt', NULL),
(975, '2025-12-02', 15, '08:00:00', '17:00:00', 8.00, 'Công thường', 'Đã duyệt', NULL),
(976, '2025-12-02', 7, '08:00:00', '17:00:00', 8.00, 'Công thường', 'Đã duyệt', NULL),
(977, '2025-12-02', 14, '08:00:00', '17:00:00', 8.00, 'Công thường', 'Đã duyệt', NULL),
(978, '2025-12-02', 8, '08:00:00', '17:00:00', 8.00, 'Công thường', 'Đã duyệt', NULL),
(979, '2025-12-02', 9, '08:00:00', '17:00:00', 8.00, 'Công thường', 'Đã duyệt', NULL),
(980, '2025-12-02', 10, '08:00:00', '17:00:00', 8.00, 'Công thường', 'Đã duyệt', NULL),
(981, '2025-12-23', 1, '08:00:00', '17:00:00', 8.00, 'Công thường', 'Đã duyệt', NULL),
(982, '2025-12-23', 5, '08:00:00', '17:00:00', 8.00, 'Công thường', 'Đã duyệt', NULL),
(983, '2025-12-23', 12, '08:00:00', '17:00:00', 8.00, 'Công thường', 'Đã duyệt', NULL),
(984, '2025-12-23', 2, '08:00:00', '17:00:00', 8.00, 'Công thường', 'Đã duyệt', NULL),
(985, '2025-12-23', 4, '08:00:00', '17:00:00', 8.00, 'Công thường', 'Đã duyệt', NULL),
(986, '2025-12-23', 13, '08:00:00', '17:00:00', 8.00, 'Công thường', 'Đã duyệt', NULL),
(987, '2025-12-23', 3, '08:00:00', '17:00:00', 8.00, 'Công thường', 'Đã duyệt', NULL),
(989, '2025-12-23', 6, '08:00:00', '17:00:00', 8.00, 'Công thường', 'Đã duyệt', NULL),
(990, '2025-12-23', 15, '08:00:00', '17:00:00', 8.00, 'Công thường', 'Đã duyệt', NULL),
(991, '2025-12-23', 7, '08:00:00', '17:00:00', 8.00, 'Công thường', 'Đã duyệt', NULL),
(992, '2025-12-23', 14, '08:00:00', '17:00:00', 8.00, 'Công thường', 'Đã duyệt', NULL),
(993, '2025-12-23', 8, '08:00:00', '17:00:00', 8.00, 'Công thường', 'Đã duyệt', NULL),
(994, '2025-12-23', 9, '08:00:00', '17:00:00', 8.00, 'Công thường', 'Đã duyệt', NULL),
(995, '2025-12-23', 10, '08:00:00', '17:00:00', 8.00, 'Công thường', 'Đã duyệt', NULL),
(996, '2025-12-03', 1, '08:00:00', '17:00:00', 8.00, 'Công thường', 'Đã duyệt', NULL),
(997, '2025-12-03', 5, '08:00:00', '17:00:00', 8.00, 'Công thường', 'Đã duyệt', NULL),
(998, '2025-12-03', 12, '08:00:00', '17:00:00', 8.00, 'Công thường', 'Đã duyệt', NULL),
(999, '2025-12-03', 2, '08:00:00', '17:00:00', 8.00, 'Công thường', 'Đã duyệt', NULL),
(1000, '2025-12-03', 4, '08:00:00', '17:00:00', 8.00, 'Công thường', 'Đã duyệt', NULL),
(1001, '2025-12-03', 13, '08:00:00', '17:00:00', 8.00, 'Công thường', 'Đã duyệt', NULL),
(1002, '2025-12-03', 3, '08:00:00', '17:00:00', 8.00, 'Công thường', 'Đã duyệt', NULL),
(1004, '2025-12-03', 6, '08:00:00', '17:00:00', 8.00, 'Công thường', 'Đã duyệt', NULL),
(1005, '2025-12-03', 15, '08:00:00', '17:00:00', 8.00, 'Công thường', 'Đã duyệt', NULL),
(1006, '2025-12-03', 7, '08:00:00', '17:00:00', 8.00, 'Công thường', 'Đã duyệt', NULL),
(1007, '2025-12-03', 14, '08:00:00', '17:00:00', 8.00, 'Công thường', 'Đã duyệt', NULL),
(1008, '2025-12-03', 8, '08:00:00', '17:00:00', 8.00, 'Công thường', 'Đã duyệt', NULL),
(1009, '2025-12-03', 9, '08:00:00', '17:00:00', 8.00, 'Công thường', 'Đã duyệt', NULL),
(1010, '2025-12-03', 10, '08:00:00', '17:00:00', 8.00, 'Công thường', 'Đã duyệt', NULL),
(1011, '2025-12-24', 1, '08:00:00', '17:00:00', 8.00, 'Công thường', 'Đã duyệt', NULL),
(1012, '2025-12-24', 5, '08:00:00', '17:00:00', 8.00, 'Công thường', 'Đã duyệt', NULL),
(1013, '2025-12-24', 12, '08:00:00', '17:00:00', 8.00, 'Công thường', 'Đã duyệt', NULL),
(1014, '2025-12-24', 2, '08:00:00', '17:00:00', 8.00, 'Công thường', 'Đã duyệt', NULL),
(1015, '2025-12-24', 4, '08:00:00', '17:00:00', 8.00, 'Công thường', 'Đã duyệt', NULL),
(1016, '2025-12-24', 13, '08:00:00', '17:00:00', 8.00, 'Công thường', 'Đã duyệt', NULL),
(1017, '2025-12-24', 3, '08:00:00', '17:00:00', 8.00, 'Công thường', 'Đã duyệt', NULL),
(1019, '2025-12-24', 6, '08:00:00', '17:00:00', 8.00, 'Công thường', 'Đã duyệt', NULL),
(1020, '2025-12-24', 15, '08:00:00', '17:00:00', 8.00, 'Công thường', 'Đã duyệt', NULL),
(1021, '2025-12-24', 7, '08:00:00', '17:00:00', 8.00, 'Công thường', 'Đã duyệt', NULL),
(1022, '2025-12-24', 14, '08:00:00', '17:00:00', 8.00, 'Công thường', 'Đã duyệt', NULL),
(1023, '2025-12-24', 8, '08:00:00', '17:00:00', 8.00, 'Công thường', 'Đã duyệt', NULL),
(1024, '2025-12-24', 9, '08:00:00', '17:00:00', 8.00, 'Công thường', 'Đã duyệt', NULL),
(1025, '2025-12-24', 10, '08:00:00', '17:00:00', 8.00, 'Công thường', 'Đã duyệt', NULL),
(1026, '2025-12-04', 1, '08:00:00', '17:00:00', 8.00, 'Công thường', 'Đã duyệt', NULL),
(1027, '2025-12-04', 5, '08:00:00', '17:00:00', 8.00, 'Công thường', 'Đã duyệt', NULL),
(1028, '2025-12-04', 12, '08:00:00', '17:00:00', 8.00, 'Công thường', 'Đã duyệt', NULL),
(1029, '2025-12-04', 2, '08:00:00', '17:00:00', 8.00, 'Công thường', 'Đã duyệt', NULL),
(1030, '2025-12-04', 4, '08:00:00', '17:00:00', 8.00, 'Công thường', 'Đã duyệt', NULL),
(1031, '2025-12-04', 13, '08:00:00', '17:00:00', 8.00, 'Công thường', 'Đã duyệt', NULL),
(1032, '2025-12-04', 3, '08:00:00', '17:00:00', 8.00, 'Công thường', 'Đã duyệt', NULL),
(1034, '2025-12-04', 6, '08:00:00', '17:00:00', 8.00, 'Công thường', 'Đã duyệt', NULL),
(1035, '2025-12-04', 15, '08:00:00', '17:00:00', 8.00, 'Công thường', 'Đã duyệt', NULL),
(1036, '2025-12-04', 7, '08:00:00', '17:00:00', 8.00, 'Công thường', 'Đã duyệt', NULL),
(1037, '2025-12-04', 14, '08:00:00', '17:00:00', 8.00, 'Công thường', 'Đã duyệt', NULL),
(1038, '2025-12-04', 8, '08:00:00', '17:00:00', 8.00, 'Công thường', 'Đã duyệt', NULL),
(1039, '2025-12-04', 9, '08:00:00', '17:00:00', 8.00, 'Công thường', 'Đã duyệt', NULL),
(1040, '2025-12-04', 10, '08:00:00', '17:00:00', 8.00, 'Công thường', 'Đã duyệt', NULL),
(1041, '2025-12-25', 1, '08:00:00', '17:00:00', 8.00, 'Công thường', 'Đã duyệt', NULL),
(1042, '2025-12-25', 5, '08:00:00', '17:00:00', 8.00, 'Công thường', 'Đã duyệt', NULL),
(1043, '2025-12-25', 12, '08:00:00', '17:00:00', 8.00, 'Công thường', 'Đã duyệt', NULL),
(1044, '2025-12-25', 2, '08:00:00', '17:00:00', 8.00, 'Công thường', 'Đã duyệt', NULL),
(1045, '2025-12-25', 4, '08:00:00', '17:00:00', 8.00, 'Công thường', 'Đã duyệt', NULL),
(1046, '2025-12-25', 13, '08:00:00', '17:00:00', 8.00, 'Công thường', 'Đã duyệt', NULL),
(1047, '2025-12-25', 3, '08:00:00', '17:00:00', 8.00, 'Công thường', 'Đã duyệt', NULL),
(1049, '2025-12-25', 6, '08:00:00', '17:00:00', 8.00, 'Công thường', 'Đã duyệt', NULL),
(1050, '2025-12-25', 15, '08:00:00', '17:00:00', 8.00, 'Công thường', 'Đã duyệt', NULL),
(1051, '2025-12-25', 7, '08:00:00', '17:00:00', 8.00, 'Công thường', 'Đã duyệt', NULL),
(1052, '2025-12-25', 14, '08:00:00', '17:00:00', 8.00, 'Công thường', 'Đã duyệt', NULL),
(1053, '2025-12-25', 8, '08:00:00', '17:00:00', 8.00, 'Công thường', 'Đã duyệt', NULL),
(1054, '2025-12-25', 9, '08:00:00', '17:00:00', 8.00, 'Công thường', 'Đã duyệt', NULL),
(1055, '2025-12-25', 10, '08:00:00', '17:00:00', 8.00, 'Công thường', 'Đã duyệt', NULL),
(1056, '2025-12-15', 1, '08:00:00', '17:00:00', 8.00, 'Công thường', 'Đã duyệt', NULL),
(1057, '2025-12-15', 5, '08:00:00', '17:00:00', 8.00, 'Công thường', 'Đã duyệt', NULL),
(1058, '2025-12-15', 12, '08:00:00', '17:00:00', 8.00, 'Công thường', 'Đã duyệt', NULL),
(1059, '2025-12-15', 2, '08:00:00', '17:00:00', 8.00, 'Công thường', 'Đã duyệt', NULL),
(1060, '2025-12-15', 4, '08:00:00', '17:00:00', 8.00, 'Công thường', 'Đã duyệt', NULL),
(1061, '2025-12-15', 13, '08:00:00', '17:00:00', 8.00, 'Công thường', 'Đã duyệt', NULL),
(1062, '2025-12-15', 3, '08:00:00', '17:00:00', 8.00, 'Công thường', 'Đã duyệt', NULL),
(1064, '2025-12-15', 6, '08:00:00', '17:00:00', 8.00, 'Công thường', 'Đã duyệt', NULL),
(1065, '2025-12-15', 15, '08:00:00', '17:00:00', 8.00, 'Công thường', 'Đã duyệt', NULL),
(1066, '2025-12-15', 7, '08:00:00', '17:00:00', 8.00, 'Công thường', 'Đã duyệt', NULL),
(1067, '2025-12-15', 14, '08:00:00', '17:00:00', 8.00, 'Công thường', 'Đã duyệt', NULL),
(1068, '2025-12-15', 8, '08:00:00', '17:00:00', 8.00, 'Công thường', 'Đã duyệt', NULL),
(1069, '2025-12-15', 9, '08:00:00', '17:00:00', 8.00, 'Công thường', 'Đã duyệt', NULL),
(1070, '2025-12-15', 10, '08:00:00', '17:00:00', 8.00, 'Công thường', 'Đã duyệt', NULL),
(1071, '2025-12-05', 1, '08:00:00', '17:00:00', 8.00, 'Công thường', 'Đã duyệt', NULL),
(1072, '2025-12-05', 5, '08:00:00', '17:00:00', 8.00, 'Công thường', 'Đã duyệt', NULL),
(1073, '2025-12-05', 12, '08:00:00', '17:00:00', 8.00, 'Công thường', 'Đã duyệt', NULL),
(1074, '2025-12-05', 2, '08:00:00', '17:00:00', 8.00, 'Công thường', 'Đã duyệt', NULL),
(1075, '2025-12-05', 4, '08:00:00', '17:00:00', 8.00, 'Công thường', 'Đã duyệt', NULL),
(1076, '2025-12-05', 13, '08:00:00', '17:00:00', 8.00, 'Công thường', 'Đã duyệt', NULL),
(1077, '2025-12-05', 3, '08:00:00', '17:00:00', 8.00, 'Công thường', 'Đã duyệt', NULL),
(1079, '2025-12-05', 6, '08:00:00', '17:00:00', 8.00, 'Công thường', 'Đã duyệt', NULL),
(1080, '2025-12-05', 15, '08:00:00', '17:00:00', 8.00, 'Công thường', 'Đã duyệt', NULL),
(1081, '2025-12-05', 7, '08:00:00', '17:00:00', 8.00, 'Công thường', 'Đã duyệt', NULL),
(1082, '2025-12-05', 14, '08:00:00', '17:00:00', 8.00, 'Công thường', 'Đã duyệt', NULL),
(1083, '2025-12-05', 8, '08:00:00', '17:00:00', 8.00, 'Công thường', 'Đã duyệt', NULL),
(1084, '2025-12-05', 9, '08:00:00', '17:00:00', 8.00, 'Công thường', 'Đã duyệt', NULL),
(1085, '2025-12-05', 10, '08:00:00', '17:00:00', 8.00, 'Công thường', 'Đã duyệt', NULL),
(1086, '2025-12-26', 1, '08:00:00', '17:00:00', 8.00, 'Công thường', 'Đã duyệt', NULL),
(1087, '2025-12-26', 5, '08:00:00', '17:00:00', 8.00, 'Công thường', 'Đã duyệt', NULL),
(1088, '2025-12-26', 12, '08:00:00', '17:00:00', 8.00, 'Công thường', 'Đã duyệt', NULL),
(1089, '2025-12-26', 2, '08:00:00', '17:00:00', 8.00, 'Công thường', 'Đã duyệt', NULL),
(1090, '2025-12-26', 4, '08:00:00', '17:00:00', 8.00, 'Công thường', 'Đã duyệt', NULL),
(1091, '2025-12-26', 13, '08:00:00', '17:00:00', 8.00, 'Công thường', 'Đã duyệt', NULL),
(1092, '2025-12-26', 3, '08:00:00', '17:00:00', 8.00, 'Công thường', 'Đã duyệt', NULL),
(1094, '2025-12-26', 6, '08:00:00', '17:00:00', 8.00, 'Công thường', 'Đã duyệt', NULL),
(1095, '2025-12-26', 15, '08:00:00', '17:00:00', 8.00, 'Công thường', 'Đã duyệt', NULL),
(1096, '2025-12-26', 7, '08:00:00', '17:00:00', 8.00, 'Công thường', 'Đã duyệt', NULL),
(1097, '2025-12-26', 14, '08:00:00', '17:00:00', 8.00, 'Công thường', 'Đã duyệt', NULL),
(1098, '2025-12-26', 8, '08:00:00', '17:00:00', 8.00, 'Công thường', 'Đã duyệt', NULL),
(1099, '2025-12-26', 9, '08:00:00', '17:00:00', 8.00, 'Công thường', 'Đã duyệt', NULL),
(1100, '2025-12-26', 10, '08:00:00', '17:00:00', 8.00, 'Công thường', 'Đã duyệt', NULL),
(1101, '2025-12-16', 1, '08:00:00', '17:00:00', 8.00, 'Công thường', 'Đã duyệt', NULL),
(1102, '2025-12-16', 5, '08:00:00', '17:00:00', 8.00, 'Công thường', 'Đã duyệt', NULL),
(1103, '2025-12-16', 12, '08:00:00', '17:00:00', 8.00, 'Công thường', 'Đã duyệt', NULL),
(1104, '2025-12-16', 2, '08:00:00', '17:00:00', 8.00, 'Công thường', 'Đã duyệt', NULL),
(1105, '2025-12-16', 4, '08:00:00', '17:00:00', 8.00, 'Công thường', 'Đã duyệt', NULL),
(1106, '2025-12-16', 13, '08:00:00', '17:00:00', 8.00, 'Công thường', 'Đã duyệt', NULL),
(1107, '2025-12-16', 3, '08:00:00', '17:00:00', 8.00, 'Công thường', 'Đã duyệt', NULL),
(1109, '2025-12-16', 6, '08:00:00', '17:00:00', 8.00, 'Công thường', 'Đã duyệt', NULL),
(1110, '2025-12-16', 15, '08:00:00', '17:00:00', 8.00, 'Công thường', 'Đã duyệt', NULL),
(1111, '2025-12-16', 7, '08:00:00', '17:00:00', 8.00, 'Công thường', 'Đã duyệt', NULL),
(1112, '2025-12-16', 14, '08:00:00', '17:00:00', 8.00, 'Công thường', 'Đã duyệt', NULL),
(1113, '2025-12-16', 8, '08:00:00', '17:00:00', 8.00, 'Công thường', 'Đã duyệt', NULL),
(1114, '2025-12-16', 9, '08:00:00', '17:00:00', 8.00, 'Công thường', 'Đã duyệt', NULL),
(1115, '2025-12-16', 10, '08:00:00', '17:00:00', 8.00, 'Công thường', 'Đã duyệt', NULL),
(1116, '2025-12-17', 1, '08:00:00', '17:00:00', 8.00, 'Công thường', 'Đã duyệt', NULL),
(1117, '2025-12-17', 5, '08:00:00', '17:00:00', 8.00, 'Công thường', 'Đã duyệt', NULL),
(1118, '2025-12-17', 12, '08:00:00', '17:00:00', 8.00, 'Công thường', 'Đã duyệt', NULL),
(1119, '2025-12-17', 2, '08:00:00', '17:00:00', 8.00, 'Công thường', 'Đã duyệt', NULL),
(1120, '2025-12-17', 4, '08:00:00', '17:00:00', 8.00, 'Công thường', 'Đã duyệt', NULL),
(1121, '2025-12-17', 13, '08:00:00', '17:00:00', 8.00, 'Công thường', 'Đã duyệt', NULL),
(1122, '2025-12-17', 3, '08:00:00', '17:00:00', 8.00, 'Công thường', 'Đã duyệt', NULL),
(1124, '2025-12-17', 6, '08:00:00', '17:00:00', 8.00, 'Công thường', 'Đã duyệt', NULL),
(1125, '2025-12-17', 15, '08:00:00', '17:00:00', 8.00, 'Công thường', 'Đã duyệt', NULL),
(1126, '2025-12-17', 7, '08:00:00', '17:00:00', 8.00, 'Công thường', 'Đã duyệt', NULL),
(1127, '2025-12-17', 14, '08:00:00', '17:00:00', 8.00, 'Công thường', 'Đã duyệt', NULL),
(1128, '2025-12-17', 8, '08:00:00', '17:00:00', 8.00, 'Công thường', 'Đã duyệt', NULL),
(1129, '2025-12-17', 9, '08:00:00', '17:00:00', 8.00, 'Công thường', 'Đã duyệt', NULL),
(1130, '2025-12-17', 10, '08:00:00', '17:00:00', 8.00, 'Công thường', 'Đã duyệt', NULL),
(1131, '2025-12-18', 1, '08:00:00', '17:00:00', 8.00, 'Công thường', 'Đã duyệt', NULL),
(1132, '2025-12-18', 5, '08:00:00', '17:00:00', 8.00, 'Công thường', 'Đã duyệt', NULL),
(1133, '2025-12-18', 12, '08:00:00', '17:00:00', 8.00, 'Công thường', 'Đã duyệt', NULL),
(1134, '2025-12-18', 2, '08:00:00', '17:00:00', 8.00, 'Công thường', 'Đã duyệt', NULL),
(1135, '2025-12-18', 4, '08:00:00', '17:00:00', 8.00, 'Công thường', 'Đã duyệt', NULL),
(1136, '2025-12-18', 13, '08:00:00', '17:00:00', 8.00, 'Công thường', 'Đã duyệt', NULL),
(1137, '2025-12-18', 3, '08:00:00', '17:00:00', 8.00, 'Công thường', 'Đã duyệt', NULL),
(1139, '2025-12-18', 6, '08:00:00', '17:00:00', 8.00, 'Công thường', 'Đã duyệt', NULL),
(1140, '2025-12-18', 15, '08:00:00', '17:00:00', 8.00, 'Công thường', 'Đã duyệt', NULL),
(1141, '2025-12-18', 7, '08:00:00', '17:00:00', 8.00, 'Công thường', 'Đã duyệt', NULL),
(1142, '2025-12-18', 14, '08:00:00', '17:00:00', 8.00, 'Công thường', 'Đã duyệt', NULL),
(1143, '2025-12-18', 8, '08:00:00', '17:00:00', 8.00, 'Công thường', 'Đã duyệt', NULL),
(1144, '2025-12-18', 9, '08:00:00', '17:00:00', 8.00, 'Công thường', 'Đã duyệt', NULL),
(1145, '2025-12-18', 10, '08:00:00', '17:00:00', 8.00, 'Công thường', 'Đã duyệt', NULL),
(1146, '2025-12-08', 1, '08:00:00', '17:00:00', 8.00, 'Công thường', 'Đã duyệt', NULL),
(1147, '2025-12-08', 5, '08:00:00', '17:00:00', 8.00, 'Công thường', 'Đã duyệt', NULL),
(1148, '2025-12-08', 12, '08:00:00', '17:00:00', 8.00, 'Công thường', 'Đã duyệt', NULL),
(1149, '2025-12-08', 2, '08:00:00', '17:00:00', 8.00, 'Công thường', 'Đã duyệt', NULL),
(1150, '2025-12-08', 4, '08:00:00', '17:00:00', 8.00, 'Công thường', 'Đã duyệt', NULL),
(1151, '2025-12-08', 13, '08:00:00', '17:00:00', 8.00, 'Công thường', 'Đã duyệt', NULL),
(1152, '2025-12-08', 3, '08:00:00', '17:00:00', 8.00, 'Công thường', 'Đã duyệt', NULL),
(1154, '2025-12-08', 6, '08:00:00', '17:00:00', 8.00, 'Công thường', 'Đã duyệt', NULL),
(1155, '2025-12-08', 15, '08:00:00', '17:00:00', 8.00, 'Công thường', 'Đã duyệt', NULL),
(1156, '2025-12-08', 7, '08:00:00', '17:00:00', 8.00, 'Công thường', 'Đã duyệt', NULL),
(1157, '2025-12-08', 14, '08:00:00', '17:00:00', 8.00, 'Công thường', 'Đã duyệt', NULL),
(1158, '2025-12-08', 8, '08:00:00', '17:00:00', 8.00, 'Công thường', 'Đã duyệt', NULL),
(1159, '2025-12-08', 9, '08:00:00', '17:00:00', 8.00, 'Công thường', 'Đã duyệt', NULL),
(1160, '2025-12-08', 10, '08:00:00', '17:00:00', 8.00, 'Công thường', 'Đã duyệt', NULL),
(1161, '2025-12-29', 1, '08:00:00', '17:00:00', 8.00, 'Công thường', 'Đã duyệt', NULL),
(1162, '2025-12-29', 5, '08:00:00', '17:00:00', 8.00, 'Công thường', 'Đã duyệt', NULL),
(1163, '2025-12-29', 12, '08:00:00', '17:00:00', 8.00, 'Công thường', 'Đã duyệt', NULL),
(1164, '2025-12-29', 2, '08:00:00', '17:00:00', 8.00, 'Công thường', 'Đã duyệt', NULL),
(1165, '2025-12-29', 4, '08:00:00', '17:00:00', 8.00, 'Công thường', 'Đã duyệt', NULL),
(1166, '2025-12-29', 13, '08:00:00', '17:00:00', 8.00, 'Công thường', 'Đã duyệt', NULL),
(1167, '2025-12-29', 3, '08:00:00', '17:00:00', 8.00, 'Công thường', 'Đã duyệt', NULL),
(1169, '2025-12-29', 6, '08:00:00', '17:00:00', 8.00, 'Công thường', 'Đã duyệt', NULL),
(1170, '2025-12-29', 15, '08:00:00', '17:00:00', 8.00, 'Công thường', 'Đã duyệt', NULL),
(1171, '2025-12-29', 7, '08:00:00', '17:00:00', 8.00, 'Công thường', 'Đã duyệt', NULL),
(1172, '2025-12-29', 14, '08:00:00', '17:00:00', 8.00, 'Công thường', 'Đã duyệt', NULL),
(1173, '2025-12-29', 8, '08:00:00', '17:00:00', 8.00, 'Công thường', 'Đã duyệt', NULL),
(1174, '2025-12-29', 9, '08:00:00', '17:00:00', 8.00, 'Công thường', 'Đã duyệt', NULL),
(1175, '2025-12-29', 10, '08:00:00', '17:00:00', 8.00, 'Công thường', 'Đã duyệt', NULL),
(1176, '2025-12-19', 1, '08:00:00', '17:00:00', 8.00, 'Công thường', 'Đã duyệt', NULL),
(1177, '2025-12-19', 5, '08:00:00', '17:00:00', 8.00, 'Công thường', 'Đã duyệt', NULL),
(1178, '2025-12-19', 12, '08:00:00', '17:00:00', 8.00, 'Công thường', 'Đã duyệt', NULL),
(1179, '2025-12-19', 2, '08:00:00', '17:00:00', 8.00, 'Công thường', 'Đã duyệt', NULL),
(1180, '2025-12-19', 4, '08:00:00', '17:00:00', 8.00, 'Công thường', 'Đã duyệt', NULL),
(1181, '2025-12-19', 13, '08:00:00', '17:00:00', 8.00, 'Công thường', 'Đã duyệt', NULL),
(1182, '2025-12-19', 3, '08:00:00', '17:00:00', 8.00, 'Công thường', 'Đã duyệt', NULL),
(1184, '2025-12-19', 6, '08:00:00', '17:00:00', 8.00, 'Công thường', 'Đã duyệt', NULL),
(1185, '2025-12-19', 15, '08:00:00', '17:00:00', 8.00, 'Công thường', 'Đã duyệt', NULL),
(1186, '2025-12-19', 7, '08:00:00', '17:00:00', 8.00, 'Công thường', 'Đã duyệt', NULL),
(1187, '2025-12-19', 14, '08:00:00', '17:00:00', 8.00, 'Công thường', 'Đã duyệt', NULL),
(1188, '2025-12-19', 8, '08:00:00', '17:00:00', 8.00, 'Công thường', 'Đã duyệt', NULL),
(1189, '2025-12-19', 9, '08:00:00', '17:00:00', 8.00, 'Công thường', 'Đã duyệt', NULL),
(1190, '2025-12-19', 10, '08:00:00', '17:00:00', 8.00, 'Công thường', 'Đã duyệt', NULL),
(1191, '2025-12-09', 1, '08:00:00', '17:00:00', 8.00, 'Công thường', 'Đã duyệt', NULL),
(1192, '2025-12-09', 5, '08:00:00', '17:00:00', 8.00, 'Công thường', 'Đã duyệt', NULL),
(1193, '2025-12-09', 12, '08:00:00', '17:00:00', 8.00, 'Công thường', 'Đã duyệt', NULL),
(1194, '2025-12-09', 2, '08:00:00', '17:00:00', 8.00, 'Công thường', 'Đã duyệt', NULL),
(1195, '2025-12-09', 4, '08:00:00', '17:00:00', 8.00, 'Công thường', 'Đã duyệt', NULL),
(1196, '2025-12-09', 13, '08:00:00', '17:00:00', 8.00, 'Công thường', 'Đã duyệt', NULL),
(1197, '2025-12-09', 3, '08:00:00', '17:00:00', 8.00, 'Công thường', 'Đã duyệt', NULL),
(1199, '2025-12-09', 6, '08:00:00', '17:00:00', 8.00, 'Công thường', 'Đã duyệt', NULL),
(1200, '2025-12-09', 15, '08:00:00', '17:00:00', 8.00, 'Công thường', 'Đã duyệt', NULL),
(1201, '2025-12-09', 7, '08:00:00', '17:00:00', 8.00, 'Công thường', 'Đã duyệt', NULL),
(1202, '2025-12-09', 14, '08:00:00', '17:00:00', 8.00, 'Công thường', 'Đã duyệt', NULL),
(1203, '2025-12-09', 8, '08:00:00', '17:00:00', 8.00, 'Công thường', 'Đã duyệt', NULL),
(1204, '2025-12-09', 9, '08:00:00', '17:00:00', 8.00, 'Công thường', 'Đã duyệt', NULL),
(1205, '2025-12-09', 10, '08:00:00', '17:00:00', 8.00, 'Công thường', 'Đã duyệt', NULL),
(1206, '2025-12-30', 1, '08:00:00', '17:00:00', 8.00, 'Công thường', 'Đã duyệt', NULL),
(1207, '2025-12-30', 5, '08:00:00', '17:00:00', 8.00, 'Công thường', 'Đã duyệt', NULL),
(1208, '2025-12-30', 12, '08:00:00', '17:00:00', 8.00, 'Công thường', 'Đã duyệt', NULL),
(1209, '2025-12-30', 2, '08:00:00', '17:00:00', 8.00, 'Công thường', 'Đã duyệt', NULL),
(1210, '2025-12-30', 4, '08:00:00', '17:00:00', 8.00, 'Công thường', 'Đã duyệt', NULL),
(1211, '2025-12-30', 13, '08:00:00', '17:00:00', 8.00, 'Công thường', 'Đã duyệt', NULL),
(1212, '2025-12-30', 3, '08:00:00', '17:00:00', 8.00, 'Công thường', 'Đã duyệt', NULL),
(1214, '2025-12-30', 6, '08:00:00', '17:00:00', 8.00, 'Công thường', 'Đã duyệt', NULL),
(1215, '2025-12-30', 15, '08:00:00', '17:00:00', 8.00, 'Công thường', 'Đã duyệt', NULL),
(1216, '2025-12-30', 7, '08:00:00', '17:00:00', 8.00, 'Công thường', 'Đã duyệt', NULL),
(1217, '2025-12-30', 14, '08:00:00', '17:00:00', 8.00, 'Công thường', 'Đã duyệt', NULL),
(1218, '2025-12-30', 8, '08:00:00', '17:00:00', 8.00, 'Công thường', 'Đã duyệt', NULL),
(1219, '2025-12-30', 9, '08:00:00', '17:00:00', 8.00, 'Công thường', 'Đã duyệt', NULL),
(1220, '2025-12-30', 10, '08:00:00', '17:00:00', 8.00, 'Công thường', 'Đã duyệt', NULL),
(1221, '2025-12-10', 1, '08:00:00', '17:00:00', 8.00, 'Công thường', 'Đã duyệt', NULL),
(1222, '2025-12-10', 5, '08:00:00', '17:00:00', 8.00, 'Công thường', 'Đã duyệt', NULL),
(1223, '2025-12-10', 12, '08:00:00', '17:00:00', 8.00, 'Công thường', 'Đã duyệt', NULL),
(1224, '2025-12-10', 2, '08:00:00', '17:00:00', 8.00, 'Công thường', 'Đã duyệt', NULL),
(1225, '2025-12-10', 4, '08:00:00', '17:00:00', 8.00, 'Công thường', 'Đã duyệt', NULL),
(1226, '2025-12-10', 13, '08:00:00', '17:00:00', 8.00, 'Công thường', 'Đã duyệt', NULL),
(1227, '2025-12-10', 3, '08:00:00', '17:00:00', 8.00, 'Công thường', 'Đã duyệt', NULL),
(1229, '2025-12-10', 6, '08:00:00', '17:00:00', 8.00, 'Công thường', 'Đã duyệt', NULL),
(1230, '2025-12-10', 15, '08:00:00', '17:00:00', 8.00, 'Công thường', 'Đã duyệt', NULL),
(1231, '2025-12-10', 7, '08:00:00', '17:00:00', 8.00, 'Công thường', 'Đã duyệt', NULL),
(1232, '2025-12-10', 14, '08:00:00', '17:00:00', 8.00, 'Công thường', 'Đã duyệt', NULL),
(1233, '2025-12-10', 8, '08:00:00', '17:00:00', 8.00, 'Công thường', 'Đã duyệt', NULL),
(1234, '2025-12-10', 9, '08:00:00', '17:00:00', 8.00, 'Công thường', 'Đã duyệt', NULL),
(1235, '2025-12-10', 10, '08:00:00', '17:00:00', 8.00, 'Công thường', 'Đã duyệt', NULL),
(1402, '2025-12-31', 11, '08:00:00', '17:00:00', 8.00, 'Công thường', 'Đã duyệt', NULL),
(1403, '2025-12-11', 11, '08:00:00', '17:00:00', 8.00, 'Công thường', 'Đã duyệt', NULL),
(1404, '2025-12-01', 11, '08:00:00', '17:00:00', 8.00, 'Công thường', 'Đã duyệt', NULL),
(1405, '2025-12-22', 11, '08:00:00', '17:00:00', 8.00, 'Công thường', 'Đã duyệt', NULL),
(1406, '2025-12-12', 11, '08:00:00', '17:00:00', 8.00, 'Công thường', 'Đã duyệt', NULL),
(1407, '2025-12-02', 11, '08:00:00', '17:00:00', 8.00, 'Công thường', 'Đã duyệt', NULL),
(1408, '2025-12-23', 11, '08:00:00', '17:00:00', 8.00, 'Công thường', 'Đã duyệt', NULL),
(1409, '2025-12-03', 11, '08:00:00', '17:00:00', 8.00, 'Công thường', 'Đã duyệt', NULL),
(1410, '2025-12-24', 11, '08:00:00', '17:00:00', 8.00, 'Công thường', 'Đã duyệt', NULL),
(1411, '2025-12-04', 11, '08:00:00', '17:00:00', 8.00, 'Công thường', 'Đã duyệt', NULL),
(1412, '2025-12-25', 11, '08:00:00', '17:00:00', 8.00, 'Công thường', 'Đã duyệt', NULL),
(1413, '2025-12-15', 11, '08:00:00', '17:00:00', 8.00, 'Công thường', 'Đã duyệt', NULL),
(1414, '2025-12-05', 11, '08:00:00', '17:00:00', 8.00, 'Công thường', 'Đã duyệt', NULL),
(1415, '2025-12-26', 11, '08:00:00', '17:00:00', 8.00, 'Công thường', 'Đã duyệt', NULL),
(1416, '2025-12-16', 11, '08:00:00', '17:00:00', 8.00, 'Công thường', 'Đã duyệt', NULL),
(1417, '2025-12-17', 11, '08:00:00', '17:00:00', 8.00, 'Công thường', 'Đã duyệt', NULL),
(1418, '2025-12-18', 11, '08:00:00', '17:00:00', 8.00, 'Công thường', 'Đã duyệt', NULL),
(1419, '2025-12-08', 11, '08:00:00', '17:00:00', 8.00, 'Công thường', 'Đã duyệt', NULL),
(1420, '2025-12-29', 11, '08:00:00', '17:00:00', 8.00, 'Công thường', 'Đã duyệt', NULL),
(1421, '2025-12-19', 11, '08:00:00', '17:00:00', 8.00, 'Công thường', 'Đã duyệt', NULL),
(1422, '2025-12-09', 11, '08:00:00', '17:00:00', 8.00, 'Công thường', 'Đã duyệt', NULL),
(1423, '2025-12-30', 11, '08:00:00', '17:00:00', 8.00, 'Công thường', 'Đã duyệt', NULL),
(1424, '2025-12-10', 11, '08:00:00', '17:00:00', 8.00, 'Công thường', 'Đã duyệt', NULL);

-- --------------------------------------------------------

--
-- Cấu trúc bảng cho bảng `luong`
--

CREATE TABLE `luong` (
  `MaLuong` int NOT NULL,
  `MaNV` int NOT NULL,
  `Thang` char(7) NOT NULL,
  `Nam` int NOT NULL,
  `LuongCB` decimal(12,2) DEFAULT NULL,
  `TongGioLam` decimal(12,2) DEFAULT '0.00',
  `TangCa` decimal(12,2) DEFAULT '0.00',
  `Thuong` decimal(12,2) DEFAULT '0.00',
  `PhuCap` decimal(12,2) DEFAULT '0.00',
  `KhauTru` decimal(12,2) DEFAULT '0.00',
  `TongLuong` decimal(12,2) DEFAULT NULL
) ENGINE=InnoDB DEFAULT CHARSET=utf8mb4 COLLATE=utf8mb4_0900_ai_ci;

--
-- Đang đổ dữ liệu cho bảng `luong`
--

INSERT INTO `luong` (`MaLuong`, `MaNV`, `Thang`, `Nam`, `LuongCB`, `TongGioLam`, `TangCa`, `Thuong`, `PhuCap`, `KhauTru`, `TongLuong`) VALUES
(500, 1, '10', 2025, 12000000.00, 179.00, 0.00, 0.00, 0.00, 326086.96, 11673913.04),
(501, 2, '10', 2025, 10000000.00, 184.00, 0.00, 500000.00, 0.00, 0.00, 10000000.00),
(502, 3, '10', 2025, 8000000.00, 183.00, 0.00, 0.00, 0.00, 43478.26, 7956521.74),
(503, 4, '10', 2025, 9000000.00, 184.00, 0.00, 500000.00, 0.00, 0.00, 9000000.00),
(504, 5, '10', 2025, 15500000.00, 182.00, 0.00, 0.00, 0.00, 168478.26, 15331521.74),
(505, 6, '10', 2025, 9500000.00, 184.00, 0.00, 500000.00, 0.00, 0.00, 9500000.00),
(506, 7, '10', 2025, 11000000.00, 184.00, 0.00, 0.00, 0.00, 0.00, 11000000.00),
(507, 8, '10', 2025, 8700000.00, 184.00, 0.00, 500000.00, 0.00, 0.00, 8700000.00),
(508, 9, '10', 2025, 8000000.00, 184.00, 0.00, 0.00, 0.00, 0.00, 8000000.00),
(509, 10, '10', 2025, 7000000.00, 184.00, 0.00, 0.00, 0.00, 0.00, 7000000.00),
(510, 11, '10', 2025, 8500000.00, 184.00, 0.00, 500000.00, 0.00, 0.00, 8500000.00),
(511, 12, '10', 2025, 13000000.00, 184.00, 0.00, 0.00, 0.00, 0.00, 13000000.00),
(512, 13, '10', 2025, 9200000.00, 184.00, 0.00, 500000.00, 0.00, 0.00, 9200000.00),
(513, 14, '10', 2025, 10500000.00, 184.00, 0.00, 0.00, 0.00, 0.00, 10500000.00),
(514, 15, '10', 2025, 9800000.00, 184.00, 0.00, 0.00, 0.00, 0.00, 9800000.00),
(575, 1, '12', 2025, 12000000.00, 184.00, 0.00, 0.00, 0.00, 0.00, 12000000.00),
(576, 2, '12', 2025, 10000000.00, 184.00, 0.00, 0.00, 0.00, 0.00, 10000000.00),
(577, 3, '12', 2025, 8000000.00, 184.00, 0.00, 0.00, 0.00, 0.00, 8000000.00),
(578, 4, '12', 2025, 9000000.00, 184.00, 0.00, 0.00, 0.00, 0.00, 9000000.00),
(579, 5, '12', 2025, 15500000.00, 184.00, 0.00, 0.00, 0.00, 0.00, 15500000.00),
(580, 6, '12', 2025, 9500000.00, 184.00, 0.00, 0.00, 0.00, 0.00, 9500000.00),
(581, 7, '12', 2025, 11000000.00, 184.00, 0.00, 0.00, 0.00, 0.00, 11000000.00),
(582, 8, '12', 2025, 8700000.00, 184.00, 0.00, 0.00, 0.00, 0.00, 8700000.00),
(583, 9, '12', 2025, 8000000.00, 184.00, 0.00, 0.00, 0.00, 0.00, 8000000.00),
(584, 10, '12', 2025, 7000000.00, 184.00, 0.00, 0.00, 0.00, 0.00, 7000000.00),
(585, 11, '12', 2025, 8500000.00, 0.00, 0.00, 0.00, 0.00, 8500000.00, 0.00),
(586, 12, '12', 2025, 13000000.00, 184.00, 0.00, 0.00, 0.00, 0.00, 13000000.00),
(587, 13, '12', 2025, 9200000.00, 184.00, 0.00, 0.00, 0.00, 0.00, 9200000.00),
(588, 14, '12', 2025, 10500000.00, 184.00, 0.00, 0.00, 0.00, 0.00, 10500000.00),
(589, 15, '12', 2025, 9800000.00, 184.00, 0.00, 0.00, 0.00, 0.00, 9800000.00),
(755, 1, '11', 2025, 12000000.00, 160.00, 0.00, 0.00, 0.00, 0.00, 12000000.00),
(756, 2, '11', 2025, 10000000.00, 160.00, 0.00, 0.00, 0.00, 0.00, 10000000.00),
(757, 3, '11', 2025, 8000000.00, 160.00, 0.00, 0.00, 0.00, 0.00, 8000000.00),
(758, 4, '11', 2025, 9000000.00, 160.00, 0.00, 0.00, 0.00, 0.00, 9000000.00),
(759, 5, '11', 2025, 15500000.00, 160.00, 0.00, 0.00, 0.00, 0.00, 15500000.00),
(760, 6, '11', 2025, 9500000.00, 160.00, 0.00, 0.00, 0.00, 0.00, 9500000.00),
(761, 7, '11', 2025, 11000000.00, 160.00, 0.00, 500000.00, 0.00, 0.00, 11500000.00),
(762, 8, '11', 2025, 8700000.00, 160.00, 0.00, 0.00, 0.00, 0.00, 8700000.00),
(763, 9, '11', 2025, 8000000.00, 160.00, 0.00, 0.00, 0.00, 0.00, 8000000.00),
(764, 10, '11', 2025, 7000000.00, 160.00, 0.00, 0.00, 0.00, 0.00, 7000000.00),
(765, 11, '11', 2025, 8500000.00, 160.00, 0.00, 0.00, 0.00, 0.00, 8500000.00),
(766, 12, '11', 2025, 13000000.00, 160.00, 0.00, 200000.00, 0.00, 0.00, 13200000.00),
(767, 13, '11', 2025, 9200000.00, 160.00, 0.00, 0.00, 0.00, 0.00, 9200000.00),
(768, 14, '11', 2025, 10500000.00, 157.00, 0.00, 0.00, 0.00, 196875.00, 10303125.00),
(769, 15, '11', 2025, 9800000.00, 160.00, 0.00, 0.00, 0.00, 0.00, 9800000.00);

-- --------------------------------------------------------

--
-- Cấu trúc bảng cho bảng `nhanvien`
--

CREATE TABLE `nhanvien` (
  `MaNV` int NOT NULL,
  `HoTen` varchar(100) NOT NULL,
  `MaPB` int DEFAULT NULL,
  `LuongCB` decimal(12,2) NOT NULL,
  `NgaySinh` date DEFAULT NULL,
  `NgayVaoLam` date DEFAULT NULL,
  `SDT` varchar(15) DEFAULT NULL,
  `TrangThai` enum('Đang làm','Nghỉ việc','Tạm nghỉ') DEFAULT 'Đang làm'
) ENGINE=InnoDB DEFAULT CHARSET=utf8mb4 COLLATE=utf8mb4_0900_ai_ci;

--
-- Đang đổ dữ liệu cho bảng `nhanvien`
--

INSERT INTO `nhanvien` (`MaNV`, `HoTen`, `MaPB`, `LuongCB`, `NgaySinh`, `NgayVaoLam`, `SDT`, `TrangThai`) VALUES
(1, 'Nguyễn Văn A', 1, 12000000.00, '1989-12-06', '2022-07-05', '0909009001', 'Đang làm'),
(2, 'Trần Thị B', 2, 10000000.00, '1995-06-25', '2012-10-09', '0909009002', 'Đang làm'),
(3, 'Lê Văn C', 3, 8000000.00, '2001-10-31', '2024-01-01', '0909009003', 'Đang làm'),
(4, 'Đào Thị Thơm', 2, 9000000.00, '1993-02-01', '2010-07-21', '0875424587', 'Đang làm'),
(5, 'Nguyễn Văn Khôi', 1, 15500000.00, '1998-08-10', '2025-10-01', '0834475714', 'Đang làm'),
(6, 'Phạm Thị Hồng', 4, 9500000.00, '1997-03-12', '2023-05-10', '0909009006', 'Đang làm'),
(7, 'Ngô Văn Dũng', 5, 11000000.00, '1992-11-08', '2020-03-15', '0909009007', 'Đang làm'),
(8, 'Đặng Thị Mai', 6, 8700000.00, '1996-01-23', '2021-09-01', '0909009008', 'Đang làm'),
(9, 'Võ Quốc Huy', 7, 8000000.00, '1990-04-18', '2018-06-20', '0909009009', 'Đang làm'),
(10, 'Lý Văn Long', 8, 7000000.00, '1988-09-30', '2015-11-05', '0909009010', 'Đang làm'),
(11, 'Trần Thị Hạnh', 3, 8500000.00, '1999-07-14', '2024-03-01', '0909009011', 'Đang làm'),
(12, 'Nguyễn Minh Khang', 1, 13000000.00, '1994-10-21', '2022-01-15', '0909009012', 'Đang làm'),
(13, 'Lê Thị Thảo', 2, 9200000.00, '1995-05-07', '2019-07-01', '0909009013', 'Đang làm'),
(14, 'Đinh Văn Hào', 5, 10500000.00, '1993-12-10', '2021-02-10', '0909009014', 'Đang làm'),
(15, 'Phan Quang Duy', 4, 9800000.00, '1998-06-02', '2023-11-25', '0909009015', 'Đang làm');

-- --------------------------------------------------------

--
-- Cấu trúc bảng cho bảng `phongban`
--

CREATE TABLE `phongban` (
  `MaPB` int NOT NULL,
  `TenPhongBan` varchar(100) NOT NULL,
  `MoTa` text,
  `NgayTao` date DEFAULT (curdate())
) ENGINE=InnoDB DEFAULT CHARSET=utf8mb4 COLLATE=utf8mb4_0900_ai_ci;

--
-- Đang đổ dữ liệu cho bảng `phongban`
--

INSERT INTO `phongban` (`MaPB`, `TenPhongBan`, `MoTa`, `NgayTao`) VALUES
(1, 'IT', 'Phát triển hệ thống và hỗ trợ kỹ thuật', '2025-10-13'),
(2, 'Kế Toán', 'Quản lý tài chính và kế toán', '2025-10-13'),
(3, 'Nhân Sự', 'Quản lý nhân viên và tuyển dụng', '2025-10-13'),
(4, 'Marketing', 'Xây dựng thương hiệu và quảng bá sản phẩm', '2025-10-25'),
(5, 'Kinh Doanh', 'Phát triển doanh thu và chăm sóc khách hàng', '2025-10-25'),
(6, 'Hành Chính', 'Quản lý văn phòng, hồ sơ và thủ tục nội bộ', '2025-10-25'),
(7, 'Kho', 'Quản lý hàng hóa, nhập xuất tồn kho', '2025-10-25'),
(8, 'Bảo Vệ', 'Đảm bảo an ninh, an toàn cho công ty', '2025-10-25');

--
-- Chỉ mục cho các bảng đã đổ
--

--
-- Chỉ mục cho bảng `chamcong`
--
ALTER TABLE `chamcong`
  ADD PRIMARY KEY (`MaCC`),
  ADD KEY `MaNV` (`MaNV`);

--
-- Chỉ mục cho bảng `luong`
--
ALTER TABLE `luong`
  ADD PRIMARY KEY (`MaLuong`),
  ADD KEY `MaNV` (`MaNV`);

--
-- Chỉ mục cho bảng `nhanvien`
--
ALTER TABLE `nhanvien`
  ADD PRIMARY KEY (`MaNV`),
  ADD KEY `MaPB` (`MaPB`) USING BTREE;

--
-- Chỉ mục cho bảng `phongban`
--
ALTER TABLE `phongban`
  ADD PRIMARY KEY (`MaPB`);

--
-- AUTO_INCREMENT cho các bảng đã đổ
--

--
-- AUTO_INCREMENT cho bảng `chamcong`
--
ALTER TABLE `chamcong`
  MODIFY `MaCC` int NOT NULL AUTO_INCREMENT, AUTO_INCREMENT=1433;

--
-- AUTO_INCREMENT cho bảng `luong`
--
ALTER TABLE `luong`
  MODIFY `MaLuong` int NOT NULL AUTO_INCREMENT, AUTO_INCREMENT=770;

--
-- AUTO_INCREMENT cho bảng `nhanvien`
--
ALTER TABLE `nhanvien`
  MODIFY `MaNV` int NOT NULL AUTO_INCREMENT, AUTO_INCREMENT=16;

--
-- AUTO_INCREMENT cho bảng `phongban`
--
ALTER TABLE `phongban`
  MODIFY `MaPB` int NOT NULL AUTO_INCREMENT, AUTO_INCREMENT=9;

--
-- Các ràng buộc cho các bảng đã đổ
--

--
-- Các ràng buộc cho bảng `chamcong`
--
ALTER TABLE `chamcong`
  ADD CONSTRAINT `chamcong_ibfk_1` FOREIGN KEY (`MaNV`) REFERENCES `nhanvien` (`MaNV`) ON DELETE CASCADE;

--
-- Các ràng buộc cho bảng `luong`
--
ALTER TABLE `luong`
  ADD CONSTRAINT `luong_ibfk_1` FOREIGN KEY (`MaNV`) REFERENCES `nhanvien` (`MaNV`) ON DELETE CASCADE;

--
-- Các ràng buộc cho bảng `nhanvien`
--
ALTER TABLE `nhanvien`
  ADD CONSTRAINT `nhanvien_ibfk_1` FOREIGN KEY (`MaPB`) REFERENCES `phongban` (`MaPB`) ON DELETE SET NULL ON UPDATE CASCADE;
COMMIT;

/*!40101 SET CHARACTER_SET_CLIENT=@OLD_CHARACTER_SET_CLIENT */;
/*!40101 SET CHARACTER_SET_RESULTS=@OLD_CHARACTER_SET_RESULTS */;
/*!40101 SET COLLATION_CONNECTION=@OLD_COLLATION_CONNECTION */;
